t,x,v,psi
0.0,1.0024835707650561,0.006996777182930011,1.0024841892497514
0.01,0.9973354069224156,-0.3899013013221908,0.9992640802629783
0.02,0.9953531440049813,-0.7871937797829429,1.0032070615069557
0.03,0.9899024000107288,-1.1805862065335484,1.0075771520880463
0.04,0.9674123942550144,-1.5590735285102968,0.9987278662888421
0.05,0.9498858315104076,-1.9396436117983575,0.9987898534858901
0.06,0.9376725499657884,-2.308518814540287,1.0070856574191318
0.07,0.908664226111784,-2.672074329854588,1.003258946146033
0.08,0.8739593081141889,-3.021699843219084,0.9975406977888647
0.09,0.8470407257199449,-3.369375221462963,1.002519312771943
0.1,0.8066999059108851,-3.6865766906527417,0.997509364373899
0.11,0.7681845940079379,-4.004065048809296,0.9981064445878984
0.12,0.7301784387792417,-4.290760013680318,0.999753491028741
0.13,0.6749807047053996,-4.583690908299531,0.993878312881209
0.14,0.6287994005861245,-4.83259766698031,0.9934547912288246
0.15,0.5849738146462683,-5.082214138397946,0.998222449036876
0.16,0.5307626393773244,-5.308325905973754,0.9977345652120193
0.17,0.48332491076469153,-5.508416685805199,1.0010950922048258
0.18,0.4212391711874666,-5.686797778134078,0.9983064779854508
0.19,0.3610630341780016,-5.839837125362119,0.9971074504729271
0.2,0.31634523821955524,-5.9730501520429335,1.0018940005274588
0.21,0.24756100566242228,-6.088655986804665,1.0001621798754259
0.22,0.18771895560916435,-6.172014594169632,1.000082358897903
0.23,0.11820949263323698,-6.222929162542932,0.9974393850861182
0.24,0.06006860590668761,-6.262149160382523,0.9984605315544666
0.25,0.0005546129485493917,-6.281003688831216,0.9996529385070859
0.26,-0.06854548741642491,-6.270596858842186,1.0003476747386923
0.27,-0.12345474347257601,-6.233040357702399,0.9996715130273515
0.28,-0.19038450803531884,-6.168825231344675,1.000087792913888
0.29,-0.250148355913821,-6.090901449610965,1.0011517798283753
0.3,-0.31202552743609435,-5.976951212170229,1.0011283872678913
0.31,-0.3588631617621333,-5.850300875463517,0.9978667204380869
0.32,-0.4258467776887624,-5.683199925980079,0.9997412974571581
0.33,-0.48704222874649494,-5.502761276936412,1.0021083577103704
0.34,-0.531714070418481,-5.307484748267177,0.9981277209188574
0.35000000000000003,-0.5938894705423281,-5.075333758498809,1.002590703527796
0.36,-0.636379671773666,-4.847406314311148,1.0000869282184468
0.37,-0.6943454565480877,-4.587566843610132,1.007576887021248
0.38,-0.7356095576659035,-4.300014058950645,1.0047296429043027
0.39,-0.7695289365964435,-3.9998175553196984,0.998710442846091
0.4,-0.8053246614749703,-3.684744022523625,0.9962257839239266
0.41000000000000003,-0.8434710840960652,-3.368993466719505,0.9994725065747989
0.42,-0.8768849214558045,-3.021554202628526,1.0000937169572408
0.43,-0.9063325709439658,-2.6754427312105027,1.0013754692603287
0.44,-0.9371690958400885,-2.3138579171401314,1.0069273855122944
0.45,-0.954655737337127,-1.9371927390380337,1.0032073445640408
0.46,-0.97088635498343,-1.5593030306862978,1.0021023165705518
0.47000000000000003,-0.9770016395975941,-1.1852334834299418,0.9950455550358761
0.48,-0.9903966098666355,-0.7801092298839162,0.9981486429470231
0.49,-1.0068419292050852,-0.3876240129660187,1.0087301956104389
0.5,-0.998379580153026,-0.0031278135075484166,0.9983797042600188
0.51,-0.9999521398303531,0.39650348740394153,1.0019414078757796
0.52,-0.9954993113160077,0.7899620825639577,1.0034071950201757
0.53,-0.9792288692844843,1.1786548914741413,0.9970349634710411
0.54,-0.9634281635161513,1.5598131193091391,0.9948984199354048
0.55,-0.9464001156995725,1.938252921885778,0.9954067773823269
0.56,-0.9339725735043645,2.312867010285471,1.003895155345839
0.5700000000000001,-0.9063731143452756,2.681113833959295,1.001796285104035
0.58,-0.8746503628868458,3.0296656075686506,0.998757650326141
0.59,-0.8394501998664033,3.3648459737447283,0.9957263787144089
0.6,-0.811412865564174,3.6970221545341544,1.0022996728556108
0.61,-0.7714415376591084,3.990810333729608,0.9992730878044523
0.62,-0.7345003022914417,4.306880146545305,1.0046630476783294
0.63,-0.6905281390490923,4.571546400315191,1.0030991423395554
0.64,-0.6333613606367186,4.8394652812891215,0.9971925033352316
0.65,-0.5810040521496191,5.077605342842129,0.9953056431723678
0.66,-0.536186845586898,5.298595408577079,0.9993234016516969
0.67,-0.47673600961225515,5.511801390571819,0.9984039572471005
0.68,-0.423971111439834,5.682857535586549,0.9988944443722079
0.6900000000000001,-0.37135015145770345,5.843690474502783,1.0014479896924873
0.7000000000000001,-0.30721001634740547,5.9754297265887155,0.9994075601221708
0.71,-0.24099970433252546,6.088172690921088,0.9984837119064284
0.72,-0.1875604447812744,6.172276930663629,1.0000936292671767
0.73,-0.11751001528523455,6.227225553215047,0.9980357621088977
0.74,-0.07588924504976192,6.275768210330263,1.0016983756421485
0.75,0.004109512521875936,6.28071652426378,0.9996155283255502
0.76,0.06322575487050369,6.263003966739728,0.9987912157143314
0.77,0.12383819681197489,6.231499938531162,0.9994756635136799
0.78,0.1878401184684018,6.1793966201615,1.0012591099315615
0.79,0.23875204259185046,6.09003859549554,0.9982319335901313
0.8,0.30791863493575966,5.973921068811073,0.9993971790020423
0.81,0.36991011554223696,5.840211666572536,1.0004004488912197
0.8200000000000001,0.43316876178878017,5.68358786633702,1.0029377135896942
0.8300000000000001,0.4791623230103475,5.516380996552729,1.0002045143542309
0.84,0.53178432696453,5.306978493216842,0.9980969639587469
0.85,0.5852764670745503,5.085353900551215,0.9988047230395718
0.86,0.6420010003371996,4.846428903266298,1.0035537159177663
0.87,0.686190861476987,4.581438915004216,1.0012643182235004
0.88,0.726319826402576,4.299841107314343,0.9979293807592161
0.89,0.7730795799413561,4.004071297587333,1.00187933841061
0.9,0.8095023821216876,3.6928056546838444,1.0003592507238945
0.91,0.8491711504546797,3.366512934222609,1.0040768172448178
0.92,0.8727964145744769,3.0305857545138655,0.9972053038174716
0.93,0.9031887417330309,2.675509918292031,0.9985354831423553
0.9400000000000001,0.9278159451225907,2.3166579810265033,0.998392557844948
0.9500000000000001,0.9437389415544929,1.9412074558249248,0.993023161388263
0.96,0.9700637625139539,1.5629578210299488,1.0014496948033236
0.97,0.9835925270895882,1.1673605192223608,1.0009858281868278
0.98,0.9921402685976901,0.7920735700060587,1.0001170168072795
0.99,0.9968537927613959,0.3962569121162439,0.9988467527928663
1.0,0.992923146289748,0.0049900505492998,0.9929234639072703
1.01,0.9959235018144448,-0.4090057466277194,0.998048604912894
1.02,0.990401128731844,-0.7770500581086397,0.9980926813317108
1.03,0.9782758643825806,-1.178049470785794,0.9960808529292089
1.04,0.9677767325703011,-1.5570237309946777,0.9989998100679995
1.05,0.9530767705792264,-1.9468105683610928,1.0021771103080659
1.06,0.939207415394304,-2.309930911115115,1.008596785671785
1.07,0.9056999415301787,-2.6805172666788653,1.0011468112670305
1.08,0.8775944319974772,-3.0300664515991613,1.0013676154822746
1.09,0.8439556959231842,-3.357128888635826,0.9988701691426427
1.1,0.7994231382984518,-3.6941170729847332,0.9923443259408964
1.11,0.770380673398543,-4.0039658824668605,0.9997875627988991
1.12,0.7292697784711162,-4.2967859793900045,0.9997458171142217
1.1300000000000001,0.6968633164911148,-4.577766559769221,1.0081859016341936
1.1400000000000001,0.636462184924784,-4.840525391470418,0.99929491355935
1.1500000000000001,0.5892929890041407,-5.081378887302931,1.000652231342862
1.16,0.535653236130471,-5.293051738029488,0.9982925463877177
1.17,0.4759102839136185,-5.506285350620091,0.9972383656987306
1.18,0.43149340563764815,-5.68419054635953,1.0023018415051486
1.19,0.3718842178481126,-5.836704683114089,1.0006138822580883
1.2,0.31297215411016294,-5.970136699818322,1.000393651141702
1.21,0.2441429498908817,-6.07985233525717,0.997962999374494
1.22,0.19439528614040524,-6.168699170098181,1.0008393797771282
1.23,0.11832397825034333,-6.239355538899643,1.0000488868077981
1.24,0.06572480499831466,-6.262619718571521,0.9988915021689231
1.25,0.010952278129050199,-6.28891703414468,1.000972152421121
1.26,-0.06774320115496615,-6.269273698906831,1.000082917112883
1.27,-0.12816472221231798,-6.237411893586088,1.0009541138939104
1.28,-0.18688305776028682,-6.172213512941291,0.9999568961060841
1.29,-0.2512072654354358,-6.084143674733455,1.000375777218637
1.3,-0.3167703115302778,-5.974057543405861,1.0021804076068626
1.31,-0.36778173781064716,-5.839848351322955,0.9995616444247377
1.32,-0.4310908101337039,-5.677127485247811,1.0011139106251956
1.33,-0.4793857119485397,-5.503729585127354,0.9985447665973548
1.34,-0.5404239161501657,-5.306289599132135,1.0026344238226061
1.35,-0.5800355802673852,-5.07838325647382,0.9948411987040249
1.36,-0.6413402562103717,-4.835330133551508,1.0017735363019507
1.37,-0.6861574135097176,-4.5863830082847645,1.0018145876539413
1.3800000000000001,-0.7249010413345635,-4.298149317694193,0.9967124079842345
1.3900000000000001,-0.776667564357959,-4.001547183121204,1.0043957514746982
1.4000000000000001,-0.8078796947019266,-3.6946514784977147,0.9992194591099655
1.41,-0.8377922117306026,-3.3598205113386057,0.9938984591388338
1.42,-0.8843440962166692,-3.0276978847308484,1.007107814546697
1.43,-0.9039038831733573,-2.6746223065956483,0.9991221889218572
1.44,-0.9284770719170093,-2.3138601397618457,0.9988427199071226
1.45,-0.9471474019362669,-1.9415331434875616,0.9962790984150764
1.46,-0.9747679146830214,-1.5680460205128453,1.0062076409363123
1.47,-0.9888895337941099,-1.184551777057999,1.0067000754110962
1.48,-0.9895049934863934,-0.7795194063164167,0.9972522746185706
1.49,-0.9965418050621057,-0.3987592764783464,0.9985606207238013
1.5,-0.9987475357482706,-0.004956961747283844,0.9987478473397793
1.51,-0.9962944873807866,0.3837575191687316,0.9981648631599248
1.52,-0.9955148249223704,0.7842971228940896,1.0033100160659334
1.53,-0.9811259822428836,1.1707360736779855,0.9986623443607283
1.54,-0.9671177987621377,1.5707747208790463,0.9989069613083059
1.55,-0.9546282733852854,1.9466601241721773,1.0036453222789494
1.56,-0.9204476133325279,2.309554028914533,0.9911289601955872
1.57,-0.9024578878614603,2.6865123678897227,0.9986229607293156
1.58,-0.8822631975298767,3.0318564342306398,1.0055984866487473
1.59,-0.8410451574588459,3.3650748884876167,0.9970909504133434
1.6,-0.8138904027260843,3.6806666324065436,1.0027835654703021
1.61,-0.7665778197570763,4.016507759695718,0.9981374466861191
1.62,-0.7231756495263741,4.294188455709629,0.9950251539467135
1.6300000000000001,-0.6886505175204469,4.572017975474299,1.0018620338979687
1.6400000000000001,-0.6326071091024681,4.846390338156184,0.9975655678717041
1.6500000000000001,-0.5857213476577909,5.095402454346955,1.0003615175508827
1.6600000000000001,-0.5317164941790233,5.311990180048237,0.9987359315040205
1.67,-0.4722697091884465,5.508816802235184,0.9958608099999063
1.68,-0.42700623214508837,5.688169813301429,1.0009510643410093
1.69,-0.37189323350646547,5.8462250328880305,1.0020240634816822
1.7,-0.31346456652307547,5.979458972432045,1.001956910887712
1.71,-0.25276893858968275,6.087193443904819,1.0012387310126265
1.72,-0.18776682313279627,6.172413826728086,1.0001537548763688
1.73,-0.12362747369022073,6.233327548696494,0.9997382161211994
1.74,-0.06140706553266335,6.2670170532886935,0.9993152326947873
1.75,0.004135916245179691,6.281781931795252,0.9997852006463157
1.76,0.06285552898870213,6.26232209216205,0.99865953935235
1.77,0.1326009039500897,6.233148816202018,1.000859284907977
1.78,0.18605803041953511,6.1669498656725725,0.9989799447412254
1.79,0.2622907329978028,6.080269540198894,1.0026212166152786
1.8,0.312145331113772,5.97656380023888,1.001107148521503
1.81,0.3638387649025958,5.848917966525854,0.9994618812310178
1.82,0.42042482907476764,5.689787624623116,0.9983947177400933
1.83,0.4841660361779314,5.49814475361681,1.0000706753675765
1.84,0.5347094810523673,5.300120675272829,0.9987365233495782
1.85,0.5913552547629333,5.0879075482552025,1.002707047480507
1.86,0.6397901778715581,4.836365049028441,1.0009085403948106
1.87,0.6841829613654048,4.5791218034590955,0.999620427610512
1.8800000000000001,0.7247346588310697,4.303886578538567,0.997218398401606
1.8900000000000001,0.7629390066523598,4.00021132455844,0.9936817835107123
1.9000000000000001,0.806784419614612,3.693690538511645,0.998244051940143
1.9100000000000001,0.848609919473633,3.360028917930564,1.0030516569751549
1.92,0.877377148764514,3.023940768575931,1.0007079510057244
1.93,0.898598358572459,2.6768490985337188,0.9944766361018534
1.94,0.9306423905175073,2.3050298119727683,1.0003395602016696
1.95,0.9529831031937976,1.9438134124152715,1.0019406434983342
1.96,0.9641638739476253,1.5624664560837365,0.9957162564521097
1.97,0.9830558762584162,1.180113972417114,1.0008374360579515
1.98,0.9924057449067079,0.7886115023028656,1.0003110909940234
1.99,0.9923118769391185,0.4013451718866248,0.9943656335455948
2.0,1.0017889368017414,0.0006261225132426142,1.0017889417579853
2.0100000000000002,1.0008306510601128,-0.3966714974423867,1.0028198594542697
2.02,0.9975299575303543,-0.7868804441173748,1.0053606566307596
2.0300000000000002,0.9875562609888632,-1.1746350324998402,1.005095660450863
2.04,0.9616948142888457,-1.5623203447267353,0.9933198067058834
2.05,0.9463673910955787,-1.9414080802694333,0.9955314054056902
2.06,0.932351662224295,-2.3165047390794546,1.002600074410803
2.07,0.907395982220581,-2.6785646934507454,1.002549233682299
2.08,0.8788819184753938,-3.0339606331546793,1.0027944461326401
2.09,0.8635915829552897,-3.3579511616892153,1.0155839132140236
2.1,0.8118714469284135,-3.699382977157867,1.002891494455169
2.11,0.7761910709766928,-4.008517572821734,1.0047313929813457
2.12,0.7337386362388771,-4.304728354371293,1.0038725772261652
2.13,0.6878040621852188,-4.575770347324354,1.0017144867345282
2.14,0.6358476435254882,-4.8427522343875955,0.9991769802565238
2.15,0.59158009839494,-5.076964981951889,1.0014339294293642
2.16,0.5319626689063081,-5.308436269076903,0.9983883231727824
2.17,0.48056958106801634,-5.504602285823804,0.9992354376945155
2.18,0.423352473825927,-5.689372776859406,0.9995712670544991
2.19,0.36853392338160973,-5.831232209455262,0.9985640292047253
2.2,0.3205902872083138,-5.981602321578261,1.0045322966597507
2.21,0.2393535612018969,-6.084238383233836,0.9974797865510637
2.22,0.1908126155375967,-6.1687239368036675,1.0001535536830353
2.23,0.11726965420835583,-6.2315715188487335,0.9986943837783533
2.24,0.060430860200364624,-6.271713314527416,1.0000017869102307
2.25,0.0054447529848373815,-6.283834410678254,1.0001181290569616
2.2600000000000002,-0.062469119433836935,-6.270567818873131,0.9999450746040044
2.27,-0.13072195745394952,-6.234375524344134,1.0008056457221792
2.2800000000000002,-0.1909578331320246,-6.167073425624352,0.9999234153160147
2.29,-0.24529189842018123,-6.074734871777016,0.9974552233276545
2.3000000000000003,-0.31266882753353425,-5.978451788408148,1.0015559590362426
2.31,-0.3670422597367672,-5.848806969992027,1.0006160785181968
2.32,-0.42555143236555243,-5.685637451834866,0.9999665766133217
2.33,-0.48501167583974447,-5.493098709946654,0.9997780026141101
2.34,-0.5251070745323683,-5.309087188795537,0.9948404214107329
2.35,-0.5846156571808826,-5.075008108288042,0.9970833234468932
2.36,-0.647549702681977,-4.832888981925758,1.0054629162798014
2.37,-0.6836148343548419,-4.583012910417621,0.9996834313449822
2.38,-0.7322775597452524,-4.298291402647525,1.0021055174291105
2.39,-0.7662510761018079,-3.9969110637171164,0.9958914290852623
2.4,-0.8129795980671106,-3.695059299685854,1.0033853151445966
2.41,-0.84490160770935,-3.367716947205667,1.0005711965928998
2.42,-0.8737817436489607,-3.0298560113654305,0.9980116969755701
2.43,-0.900498276495169,-2.680323972516461,0.9964303547419725
2.44,-0.9357779679235302,-2.3162411683657576,1.00577172494247
2.45,-0.9527290224743588,-1.9477307400592705,1.0018917081719594
2.46,-0.9709578876844356,-1.5623942277370744,1.0022935648087161
2.47,-0.9855538968915573,-1.1812013888003114,1.0033235981895077
2.48,-0.9832874301130724,-0.7863230020735894,0.9912194459582415
2.49,-0.9960018198734669,-0.4023039479677633,0.9980577612250983
2.5,-1.0063044197716753,0.0016544011610684379,1.0063044542195578
2.5100000000000002,-0.9934374186929977,0.3986921145448043,0.9954618487082886
2.52,-0.9815039203294148,0.7775232534196782,0.9892740690768593
2.5300000000000002,-0.9771249244259329,1.1792218054942591,0.9949856869436875
2.54,-0.9761800109584012,1.5687029900407294,1.007601579170854
2.5500000000000003,-0.9534776866594844,1.9355628336320172,1.0020065906872946
2.56,-0.923441930142318,2.321357642574619,0.9946066543954832
2.57,-0.9083653997941148,2.67734528390981,1.003344289652614
2.58,-0.8740875829031325,3.0234225475168888,0.9977852788736828
2.59,-0.8404547552348685,3.3664202000168704,0.9967080777252596
2.6,-0.8136516467328382,3.695955295543518,1.0040134517484105
2.61,-0.7708108695560989,4.005433073789816,1.0002678890360432
2.62,-0.7451749641217578,4.30383009800567,1.0121648189714334
2.63,-0.6896690441353613,4.575641601243678,1.002981072127468
2.64,-0.6386868305056543,4.842124290116322,1.000909202563049
2.65,-0.5940241682022994,5.076135119830726,1.0027732494481165
2.66,-0.5276647384593378,5.30451268564894,0.9955753439104057
2.67,-0.4889043809915181,5.501477718427604,1.0028363484915697
2.68,-0.42797951399855755,5.681518391880158,1.0004097071365396
2.69,-0.3674708497982478,5.848138420970181,1.0006744021733733
2.7,-0.3018106279296175,5.981120880086083,0.9986244398364038
2.71,-0.25586919792075297,6.088833177389507,1.0022782233867868
2.72,-0.1815654958249477,6.166431257384967,0.9980718166081629
2.73,-0.12528206825920804,6.232058472087516,0.9997437830654153
2.74,-0.06769806278455168,6.276852364732924,1.0012832793052509
2.75,0.002310517371313904,6.283893891747786,1.0001154436773385
2.7600000000000002,0.06378581800718147,6.2823835239329355,1.0019049013397439
2.77,0.12233214917851065,6.235607103532962,0.9999389391146112
2.7800000000000002,0.18773032501067474,6.172853066790778,1.0002155682096927
2.79,0.24676331918054567,6.08424190446396,0.9992842530351085
2.8000000000000003,0.309584581101203,5.976332034007024,1.0002765897431982
2.81,0.3714352060572822,5.841195605912229,1.0011107921293856
2.82,0.43370937564579815,5.688736584976554,1.0039102877891786
2.83,0.4755645966075795,5.510780768218905,0.9977023410791593
2.84,0.5464919618522762,5.301138868653148,1.0052299721353721
2.85,0.5780248132948616,5.076547527547467,0.9934325448994147
2.86,0.6366650642735097,4.832096459130631,0.9983904244483865
2.87,0.6874886919611118,4.582784925843644,1.0023100772769302
2.88,0.7303735867600867,4.295619485012575,1.0004243998987665
2.89,0.7673997451766861,3.9942885938679975,0.9965091855501313
2.9,0.8079763831231607,3.6951065540035715,0.9993402549859602
2.91,0.8418629208287204,3.37916404299233,0.9989862283881429
2.92,0.8733598562591418,3.026917252237989,0.9974163555305134
2.93,0.9090750629511254,2.679442642735246,1.0041285389259371
2.94,0.9315615633180758,2.3134039274331766,1.0016838721148567
2.95,0.9475919683188506,1.9411165904595045,0.996681198744925
2.96,0.9730811605057975,1.5671600274932993,1.0045386564793384
2.97,0.9838237483330717,1.1759001499240755,1.0014661305307946
2.98,0.9961790119086726,0.7888288932029034,1.0040589755110525
2.99,1.0011748726378895,0.3961329587677371,1.0031580080414368
3.0,0.9958550249453897,-0.0033404522682106267,0.9958551668591993
3.0100000000000002,0.9952258232272866,-0.38956425798908745,0.997155240073551
3.02,0.9958511693400943,-0.7883667304160119,1.0037245091284805
3.0300000000000002,0.9853391020558557,-1.181130248442496,1.003110486491652
3.04,0.9684786531588109,-1.5598820958604995,0.9997926745473742
3.0500000000000003,0.9516431532116972,-1.9461033786344277,1.0007789895024324
3.06,0.9361648103671932,-2.3128538748535843,1.0059342562753422
3.0700000000000003,0.9018691955218402,-2.6752957838462206,0.9973275442333679
3.08,0.8790421669497138,-3.021518128966522,1.0019829772005224
3.09,0.8433169622398459,-3.3643255542407586,0.998944030222423
3.1,0.8079285883588118,-3.693288795774635,0.9991313825260117
3.11,0.7760071270357258,-4.000964215336752,1.003826284875956
3.12,0.7330957091663527,-4.2941852802983504,1.0022577836658244
3.13,0.6886146541086933,-4.577455917677315,1.0024661754587552
3.14,0.6439513837844603,-4.841225722896925,1.0041669913506992
3.15,0.5878902715006389,-5.089762873477,1.0009064223058752
3.16,0.5392365598354709,-5.310394384271061,1.0025456200841607
3.17,0.48020234031874776,-5.507523380156701,0.9994665760149035
3.18,0.4274001233275149,-5.688243602603903,1.001129781818876
3.19,0.36747383741283995,-5.8428928116090555,0.9998990121032751
3.2,0.30950197419991177,-5.975381079858625,1.000107105713533
3.21,0.25166567229204045,-6.083139023013188,1.0003362342297948
3.22,0.18329021116955524,-6.172245315098625,0.9992966338786062
3.23,0.13579516994273338,-6.231208006116858,1.0009814547385922
3.24,0.05776043262181353,-6.270464504158977,0.999645541746592
3.25,-0.006070943063939641,-6.293062640011356,1.0015904254264785
3.2600000000000002,-0.05699996516181366,-6.275483553202121,1.0003993972978946
3.27,-0.12137492009448983,-6.234360952114598,0.9996254194100002
3.2800000000000002,-0.18426071550046377,-6.177941294922533,1.0003661168411628
3.29,-0.24554815961853296,-6.082787843134992,0.9987605557446104
3.3000000000000003,-0.30907822823918124,-5.9680105753213955,0.9988605037325635
3.31,-0.37261082454210603,-5.835864145835645,1.000759998755574
3.3200000000000003,-0.42540026877410586,-5.686263255947752,0.9999923932522388
3.33,-0.48513948265927415,-5.498543625950682,1.0005978355035579
3.34,-0.530951196311906,-5.3043254786696785,0.9972958712722303
3.35,-0.5885205391999846,-5.084889122170846,1.0006493006590216
3.36,-0.6415514757326499,-4.844344499313853,1.0030111730912172
3.37,-0.6861540351369538,-4.5817573176415225,1.0012759858403701
3.38,-0.7269039701500333,-4.3030772021361505,0.998707731247453
3.39,-0.7733318655398088,-4.004200965720884,1.002087146658971
3.4,-0.813128096352779,-3.6923607910756684,1.003254008205402
3.41,-0.8431094894445549,-3.366683815304399,0.9989701536004754
3.42,-0.8750818471883192,-3.024762915946957,0.9987592037089434
3.43,-0.9073617683428759,-2.669296957489056,1.001891931048257
3.44,-0.9321316774163422,-2.308247009963233,1.0019128647424558
3.45,-0.9498962666083657,-1.9490355285677106,0.9992627846199663
3.46,-0.9758235828361179,-1.575334250752871,1.0075183883951249
3.47,-0.9893245696005715,-1.1726799230888232,1.006775434147157
3.48,-0.99570692242074,-0.7943263251246219,1.003700420820301
3.49,-0.9990939641868308,-0.3956482967462212,1.0010763668987963
3.5,-0.99844546217201,-0.005850565130302184,0.9984458963636553
3.5100000000000002,-0.9906499473435237,0.3855145675488692,0.9925482075366401
3.52,-0.9878264031984679,0.7901992452735579,0.9957999878024417
3.5300000000000002,-0.9830869433785056,1.181147298446544,1.000898826323066
3.54,-0.9686782421681451,1.5596820930747173,0.9999781113541039
3.5500000000000003,-0.9560691631183423,1.9286558272647474,1.0041362871933346
3.56,-0.9298690515682132,2.310263558399167,0.9999261422769727
3.5700000000000003,-0.9062703456606201,2.6772092088900115,1.001438738651006
3.58,-0.8746930872421732,3.019553048951808,0.9980190636868161
3.59,-0.848464080219777,3.367615845004053,1.003572637791129
3.6,-0.806420261803742,3.693087111735044,0.9978931903809815
3.61,-0.7628495482107771,4.007949504330758,0.9944026724066384
3.62,-0.729512428163697,4.301734219885509,1.0004616003715745
3.63,-0.6825385473181953,4.5753796245046665,0.9980610119019163
3.64,-0.6339732697901331,4.847260343504464,0.998539452541977
3.65,-0.5897913546519045,5.082411044450115,1.001078535353907
3.66,-0.5347063325699442,5.304932293258134,0.9993817172572383
3.67,-0.4816907120978061,5.501330916839561,0.9993189060436068
3.68,-0.4252909110723287,5.682979630337148,0.999472919985251
3.69,-0.37198960160395583,5.8375339415239935,1.000775576830401
3.7,-0.3088944435036536,5.974799599183493,0.9998312422375701
3.71,-0.24619989570862877,6.094346029185683,1.0007038846865821
3.72,-0.18012559654674754,6.165033315493672,0.9975920467453065
3.73,-0.12053687943388017,6.225572707346606,0.9981355398048878
3.74,-0.05202460724175438,6.278142727870495,1.0005508987560283
3.75,-0.0038367378144429426,6.282138688793827,0.9998407869880427
3.7600000000000002,0.06715212271291726,6.267441512539727,0.9997521096007536
3.77,0.12624994359299616,6.23884003777297,1.0009362230933927
3.7800000000000002,0.19833032925181276,6.168864743509643,1.001636960367011
3.79,0.24464839573807848,6.0949175353527085,1.0004115006435652
3.8000000000000003,0.3048183851640427,5.97905395883981,0.9992242896342468
3.81,0.36512758945745666,5.839518398053404,0.9985392415657398
3.8200000000000003,0.41515981294352533,5.695982582659428,0.9970854036749938
3.83,0.4791248989933097,5.502968682019916,0.9983133360336283
3.84,0.5320311316712262,5.308779292815736,0.9984710009074628
3.85,0.5885372212248549,5.084700155217289,1.0006347890082414
3.86,0.6391327696275731,4.8477861924431425,1.001887601393491
3.87,0.6939279601247682,4.588052525192716,1.007345256973581
3.88,0.7337207466123415,4.301296338788775,1.0034867926941178
3.89,0.7676287244974768,4.00128595748103,0.9973962224710546
3.9,0.804524921018205,3.695463521695614,0.9965853121250953
3.91,0.8467875213595469,3.363310468556407,1.0017892988237036
3.92,0.8697055140087596,3.037014543033323,0.9949977812544134
3.93,0.9139843462952919,2.6759328655184027,1.008339191544886
3.94,0.935673686491857,2.3111681728838795,1.0053790234183544
3.95,0.9487106380346303,1.9425344402547862,0.9978147262028887
3.96,0.9600174884831768,1.5558290136307136,0.9914374371389912
3.97,0.9890566125995158,1.172493452452467,1.0065066202584079
3.98,0.9915420020882146,0.7934940011722676,0.9995520623100976
3.99,1.0042158099881389,0.3912399983419016,1.0061444575285088
4.0,0.9920278617060282,-0.005234554913403543,0.9920282115269997
4.01,0.9950298533135028,-0.3918412059741098,0.9969822519642338
4.0200000000000005,0.9921409198130685,-0.7815634108592404,0.999908194437024
4.03,0.9825221536975121,-1.1737567560917048,1.0001237202816733
4.04,0.9663328337712356,-1.557584406649321,0.9976232735609623
4.05,0.9541707659568919,-1.9453950141682972,1.0031480049866002
4.0600000000000005,0.9244383837413382,-2.3201038339741378,0.9954578414933872
4.07,0.904115155040913,-2.6677435206032203,0.9988474704041661
4.08,0.8769081582024232,-3.0285610059898898,1.0006507863514655
4.09,0.8469001196723092,-3.367953210487432,1.0022794599616418
4.1,0.8125750687653945,-3.686522690271645,1.0022616180091346
4.11,0.7648900323165985,-4.002271896785766,0.9953903803996875
4.12,0.7212980565677346,-4.298856879183028,0.9941725568699111
4.13,0.6909354900381827,-4.569419957484569,1.0031342214139753
4.14,0.6390855598085896,-4.844495077148028,1.0014541552541005
4.15,0.5840428196096897,-5.078564491674856,0.9972062872443178
4.16,0.5435825548566089,-5.304783750331198,1.0041389486218542
4.17,0.4823320472731795,-5.50465429524061,1.0000915184478083
4.18,0.43167577748539526,-5.677553699461034,1.0014271511056918
4.19,0.3684621450917258,-5.839418776312688,0.9997486391771727
4.2,0.31932073399935834,-5.972972849087862,1.0028258164420285
4.21,0.2574665913770722,-6.080424950098421,1.0013939247855104
4.22,0.18613649384333097,-6.173717584856039,1.0000528354334763
4.23,0.13019108831907458,-6.237836562672687,1.0012826063341134
4.24,0.06601739927723803,-6.276010922203133,1.001037423445276
4.25,0.006843157787661008,-6.293017090126466,1.0015881544057514
4.26,-0.06761513683221074,-6.260505840583327,0.9986820000097194
4.2700000000000005,-0.1219029762643156,-6.2391565561645965,1.0004472262240698
4.28,-0.18208919215147637,-6.1729990893262565,0.9991949992984817
4.29,-0.2574835845969697,-6.087171553284419,1.0024359859190717
4.3,-0.31493328693827527,-5.9741272959940686,1.001611813548744
4.3100000000000005,-0.37832071357348046,-5.837879269031427,1.0031969804239662
4.32,-0.4271263257372971,-5.680893674151303,0.999955105903443
4.33,-0.4781659628227336,-5.508912643827777,0.9986838891138353
4.34,-0.5283150097185144,-5.3059044245246225,0.9961079205532427
4.3500000000000005,-0.5874147783903748,-5.081790792562815,0.9996003313100686
4.36,-0.6292809120208335,-4.842520941627052,0.9949824797880648
4.37,-0.6914476132197632,-4.572208241328983,1.0038086829783737
4.38,-0.7374855396181871,-4.298681443285255,1.0059596917663
4.39,-0.7707909812702696,-4.00137865790253,0.9998414344400883
4.4,-0.8070966671302524,-3.6898492546375636,0.9981366103107601
4.41,-0.8444913992424847,-3.360831676117741,0.9996380430904963
4.42,-0.8866438905440621,-3.0260424990021715,1.0090020893807174
4.43,-0.9052726526635825,-2.681734348602789,1.0008428659788637
4.44,-0.936298833390776,-2.310996340881657,1.0059508538283088
4.45,-0.9477081535510036,-1.9448678231944216,0.9969768620258316
4.46,-0.966750169898147,-1.5652077284871115,0.9983295826539434
4.47,-0.9869866496603248,-1.1744197025512675,1.0045296172984646
4.48,-0.9946840359011617,-0.7813005162753558,1.0024264144522996
4.49,-1.0033227960377162,-0.39441811185307907,1.0052846148827217
4.5,-1.0003133954863659,0.0015441650629878937,1.0003134256762622
4.51,-0.9932510168257654,0.4030355444599217,0.9953201375283341
4.5200000000000005,-0.9970433315461553,0.7886956975299976,1.0049138695081246
4.53,-0.9797670181510991,1.1903599382159316,0.9979154996542392
4.54,-0.971234449220494,1.565392193306507,1.002679932898022
4.55,-0.9550208804564662,1.9328072249296702,1.0033406087745869
4.5600000000000005,-0.9303116376880242,2.316761488745951,1.0007183235203858
4.57,-0.9100032640781165,2.6771559807874112,1.0048145745744366
4.58,-0.8790749265705997,3.033396370566092,1.0029203760703256
4.59,-0.8503173149649598,3.370064952161506,1.0053478317967133
4.6000000000000005,-0.7991933687103641,3.6924713810610075,0.992004048103352
4.61,-0.7703369250159293,3.998931555651321,0.9992433284423822
4.62,-0.7324672549613757,4.300091201757006,1.0024396832869729
4.63,-0.6834772063750192,4.575992366938027,0.9987742710436184
4.64,-0.6379856299971458,4.838374868747103,1.0000023165607845
4.65,-0.5888901002901387,5.086146584337365,1.0010285284480762
4.66,-0.5327559614787793,5.313418338477439,0.9994820291121972
4.67,-0.4779661355514788,5.507970614284042,0.9984565916868227
4.68,-0.4284317973031289,5.67921662628292,1.000272233839466
4.69,-0.3710036438878988,5.844180968435237,1.0013920606488393
4.7,-0.3103922528607067,5.981647486916337,1.0013311340353812
4.71,-0.2601994929885342,6.0827385722633736,1.0024556558956061
4.72,-0.19495726989671922,6.171222735374959,1.0013426359133655
4.73,-0.11849886222708031,6.2337139553096375,0.9991780390418312
4.74,-0.05456568096180599,6.266862384667617,0.9988935953744786
4.75,-0.0012451801977848313,6.286426709348805,1.0005166600146156
4.76,0.06567330434458891,6.27018213548999,1.0000891098857605
4.7700000000000005,0.12688948433702535,6.2357381765555235,1.000527398332432
4.78,0.20277571862800037,6.167455360319317,1.002306971520708
4.79,0.2542877617220269,6.083600195283357,1.001070109438463
4.8,0.30837740641754247,5.979276236272253,1.000349382701764
4.8100000000000005,0.36334685048167775,5.8400937893336655,0.9979747604508824
4.82,0.4177470599637863,5.6938308608492685,0.9978544235009522
4.83,0.4827709922810494,5.503999075706861,1.00021195896766
4.84,0.5320450412525729,5.306192239584449,0.9981300179221162
4.8500000000000005,0.5806739837444852,5.087866646474623,0.9964397214460019
4.86,0.6341911253274772,4.83418565733147,0.9970711904077457
4.87,0.6791393659106166,4.57144092514918,0.9952811810724822
4.88,0.7374043355967741,4.293508036470596,1.005340330550623
4.89,0.7749214415605338,4.011365967349915,1.0040390799115175
4.9,0.8089771311683657,3.6904043702514397,0.9997096763766827
4.91,0.8517276461964645,3.37949004183351,1.0073411045513172
4.92,0.8766935215821008,3.0241263688024036,1.0001228457776312
4.93,0.9005206314593772,2.6761729453789957,0.9961679051972296
4.94,0.9373921062746001,2.32070533040326,1.0075339485663908
4.95,0.953751066513577,1.9516415031662588,1.0030562179642557
4.96,0.9633969303569989,1.5728721629615456,0.9953888407880838
4.97,0.9813355573382699,1.1833933537980095,0.9992459781178177
4.98,0.9877366100475544,0.7926122442615822,0.9957594931755499
4.99,0.9911127297734499,0.39748710448276603,0.9931296634915483
5.0,1.0046308877376582,0.0038918053808408835,1.0046310786816195
5.01,1.0075738116306223,-0.39728039831838735,1.009555798322237
5.0200000000000005,0.985121863445382,-0.7915829260496654,0.9931450743177255
5.03,0.9851020969121413,-1.1773683949320835,1.0027656280292154
5.04,0.9653299482830227,-1.5634155681909732,0.9968831159305078
5.05,0.948620889376331,-1.943877178972085,0.997795635077685
5.0600000000000005,0.926814516267057,-2.3095128434031436,0.9970421934960195
5.07,0.9005070986176205,-2.670473662820144,0.9957681739663511
5.08,0.8765492881835879,-3.0265055723642185,1.0001787227491021
5.09,0.8401731749199604,-3.359311394999879,0.9958627769519691
5.1000000000000005,0.8103692785038453,-3.698872106551593,1.0016280415947683
5.11,0.7702620522285446,-4.00602134412915,0.9999047262070906
5.12,0.7277738871870784,-4.304720429646466,0.9995203187756238
5.13,0.6800092876184824,-4.589577652294438,0.9979857882924391
5.14,0.6345401330958529,-4.841690889425325,0.9982150240683789
5.15,0.5915622084215986,-5.083812429857191,1.002302905286742
5.16,0.5383313809171183,-5.297501567239471,1.0003289528391728
5.17,0.47686589787772576,-5.502843198212141,0.9972135930636199
5.18,0.4262759530922193,-5.69031697571475,1.000948927363044
5.19,0.3718814883015345,-5.8326874922624645,1.000019336396818
5.2,0.30066996796934176,-5.969559161005483,0.9965257894754502
5.21,0.2514066881267526,-6.082876998267633,1.0002307463230664
5.22,0.18406819579099734,-6.1730252417025735,0.9995616299251227
5.23,0.12818622690726883,-6.23843771051961,1.0011187873680214
5.24,0.058974223746603494,-6.272647910113381,1.0000633049957892
5.25,-0.009024410503323086,-6.277741564081065,0.9991743558485688
5.26,-0.07092823171872577,-6.261363944703356,0.9990480069659752
5.2700000000000005,-0.1250928088309971,-6.22592429669463,0.9987514799267991
5.28,-0.18608270207712013,-6.174337068317255,1.0001396968884737
5.29,-0.25321147029037594,-6.091385573951419,1.0019960711078002
5.3,-0.3058240320810559,-5.9749598982485645,0.9989112049629613
5.3100000000000005,-0.37643215299602123,-5.850800151921947,1.0043925380152585
5.32,-0.4261096905583106,-5.683580203022179,0.9999080672800699
5.33,-0.4878087551005255,-5.506735269566427,1.0030337242638006
5.34,-0.5390859755180081,-5.30739899846502,1.002062736228641
5.3500000000000005,-0.5875482589358942,-5.091177207651579,1.0008878002891664
5.36,-0.6417260565751095,-4.838709485463287,1.0024337001129384
5.37,-0.6864698836498351,-4.582908473407409,1.0016258655799253
5.38,-0.7239371633753389,-4.3069859022219985,0.9969780523356251
5.39,-0.7733977021234021,-4.019414357899189,1.0036794603306722
5.4,-0.804838533814621,-3.6933012355061736,0.9966354944028614
5.41,-0.8499764597753041,-3.357837787421801,1.0040223893779507
5.42,-0.8736576591542862,-3.018641310722952,0.9970417796330336
5.43,-0.8976192093627275,-2.677535670145963,0.9936388343751159
5.44,-0.9421347083888895,-2.3160058409422093,1.0116751226411522
5.45,-0.9550409925725062,-1.9392671674450888,1.0036754400045895
5.46,-0.9656978004927276,-1.5675565722743274,0.9974039784712804
5.47,-0.9833024776589036,-1.1758425631459253,1.0009523339912043
5.48,-0.9902589719476217,-0.7836615302406021,0.9980825664635437
5.49,-1.0010466543618506,-0.3883898036173393,1.0029533360162237
5.5,-0.9995670510626355,-0.0005007703824305503,0.9995670542400628
5.51,-0.998805114605232,0.3935061009858592,1.0007666953877308
5.5200000000000005,-0.9862757910061786,0.7831020186987704,0.9941195646292128
5.53,-0.9810151465121831,1.1732171208748068,0.9986272127190682
5.54,-0.9668951478182549,1.5614322506188618,0.9983202284234253
5.55,-0.9531159011257668,1.943447866259529,1.002048993524084
5.5600000000000005,-0.9322145170086138,2.3175627037715927,1.002534477814205
5.57,-0.9069898434051162,2.671234294109614,1.0016859370253484
5.58,-0.8743344193319724,3.0344110496404744,0.9988459273392962
5.59,-0.8464328479061188,3.3653434273999228,1.0016624950431077
5.6000000000000005,-0.8075681200904662,3.6930568245091644,0.9988181930727978
5.61,-0.7601362387825609,4.001316988437028,0.9916444714053337
5.62,-0.7246130039042545,4.28901511674207,0.9955055401189792
5.63,-0.686177223589527,4.584665196190893,1.0016289717903266
5.64,-0.6314179201378721,4.844961705481587,0.9966359365182292
5.65,-0.5898256291575805,5.0817970545296705,1.001019772740552
5.66,-0.5460174176548888,5.305403769541794,1.00554198840129
5.67,-0.48679410565630254,5.5085769527234465,1.0027969087772621
5.68,-0.4351332511702058,5.677383312308662,1.00289795141791
5.69,-0.36988212010488547,5.839312691707395,1.000257161628517
5.7,-0.3089249024789976,5.979635652881225,1.0005727027717224
5.71,-0.24030770060348008,6.079516039669123,0.9969797289479552
5.72,-0.1857466777169094,6.173360610869154,0.999924528227169
5.73,-0.12642873620834397,6.226857605312878,0.9990670293754866
5.74,-0.0586434916233952,6.273119026145195,1.0001187074836007
5.75,-0.01105567654504261,6.283007099768099,1.000032751267396
5.76,0.06396859231985622,6.262711217153499,0.9987920172401886
5.7700000000000005,0.12918755953374225,6.239464211108274,1.0014095007298358
5.78,0.17998838335682474,6.168219863324338,0.9980661163797917
5.79,0.254408657380885,6.081736224599908,1.0008139076295828
5.8,0.31070947641241814,5.976667175469268,1.0006760183263346
5.8100000000000005,0.3660481131151756,5.847701141841269,1.0000880495824496
5.82,0.4289432008956021,5.680116932498221,1.000620835434516
5.83,0.49310713839073816,5.506305655884162,1.0055615713701953
5.84,0.5367361262542867,5.307212898457344,1.0007755345833926
5.8500000000000005,0.5890263552239751,5.086669220351574,1.0011759509551248
5.86,0.6351271852509912,4.842159693772508,0.9986458784175436
5.87,0.6802978840813644,4.578409830013667,0.9968825077573854
5.88,0.7331203065041297,4.296998366940221,1.002581121922419
5.89,0.7662328236462442,4.005483766247996,0.9967494568351872
5.9,0.8093748255610457,3.6878029659209752,0.9997884098278355
5.91,0.8419396382681885,3.3520922929876966,0.9967380801972506
5.92,0.8787015791725962,3.029130405816461,1.0022663887549514
5.93,0.9064953629924533,2.679769863068443,1.001815809436306
5.94,0.9349641856095412,2.3011801184627125,1.004137856903071
5.95,0.9485064343008788,1.9365623852019362,0.9973264274188581
5.96,0.9672337864521642,1.565660416383391,0.9988158804513252
5.97,0.9773934321497764,1.1876389999936037,0.9955028673766535
5.98,0.9898932350140972,0.7875959001709254,0.9977981680886024
5.99,0.9999132308934959,0.3908844550305937,1.001846645886848
6.0,1.0037849430832269,-0.0009144822055149672,1.0037849536348702
6.01,0.9934159018073838,-0.38765008764097997,0.9953298966408459
6.0200000000000005,0.9964627309150055,-0.790721752528197,1.0043781712381514
6.03,0.9890654400227132,-1.1813474826782784,1.0067775059586022
6.04,0.9706503356447503,-1.5649783626892575,1.0020977759739527
6.05,0.9604404953579438,-1.946377681766762,1.009161476452293
6.0600000000000005,0.9259075398927322,-2.3123814290604723,0.996367701770217
6.07,0.8986037789494626,-2.6671267965706473,0.9938196349495867
6.08,0.8674130787993443,-3.025332210430076,0.992090924141992
6.09,0.8518081470594616,-3.3679608129157854,1.006430683009873
6.1000000000000005,0.8122888226567165,-3.6946227173255015,1.0027849592334372
6.11,0.7702353194212381,-4.012869000876233,1.000579422952382
6.12,0.7303684705530097,-4.296720769157715,1.0005404525140404
6.13,0.6789196606921987,-4.580634155194136,0.9962015233789421
6.140000000000001,0.6496527496467733,-4.842179885564091,1.007948757304017
6.15,0.5884313582023462,-5.067238154476049,0.9983261000631067
6.16,0.5363737689520212,-5.303575051413853,1.0000925263507612
6.17,0.48538250722121223,-5.50975621188539,1.0022766313330476
6.18,0.42818433772375697,-5.687327829574132,1.001333073867053
6.19,0.3692439728060714,-5.836215726548151,0.999563308339688
6.2,0.30506462209772234,-5.97509797743042,0.9986998932709421
6.21,0.25104722895053316,-6.092978876676563,1.0016968282270147
6.22,0.19679143706810198,-6.167296676535448,1.0010886889644683
6.23,0.13206033379507817,-6.236981234763687,1.0013924277020105
6.24,0.0707564526625133,-6.261420387351938,0.9990447866330473
6.25,-0.002556078382156171,-6.277785066851013,0.9991437946309425
6.26,-0.06773854363060262,-6.273023485711322,1.0006780290037451
6.2700000000000005,-0.12596216816480202,-6.227235432527316,0.9990677470735244
6.28,-0.18710269002428384,-6.171553543655687,0.9998947844500755
6.29,-0.24321892957249888,-6.0815236184093635,0.9979953189811538
6.3,-0.31747931752351666,-5.973240665396649,1.0022814203265549
6.3100000000000005,-0.3604768010873731,-5.8461897383690875,0.9978380216903244
6.32,-0.4265693310579688,-5.688413790754691,1.0007998864110967
6.33,-0.48388807945145007,-5.500847452547029,1.0003125868365592
6.34,-0.5408873168552979,-5.306742692616212,1.0029450004406644
6.3500000000000005,-0.596059535651805,-5.085221934631456,1.0051444196474493
6.36,-0.6333081368288801,-4.8460530988928845,0.9979687908189411
6.37,-0.6841805160927437,-4.578126973881133,0.9995033250383183
6.38,-0.7354184319201161,-4.290823693447233,1.0035938434959841
6.390000000000001,-0.7769886366361087,-4.0103907114040185,1.0055368761118508
6.4,-0.810695917871397,-3.6930425636975577,1.0013474508856333
6.41,-0.835982817875569,-3.359637942628074,0.9923580777919214
6.42,-0.8776046368006805,-3.0273458137519214,1.0011681022117187
6.43,-0.9123427672316075,-2.6729883298817843,1.0066533218717568
6.44,-0.9310052012086826,-2.3183067482811364,1.001453708256142
6.45,-0.952420134143892,-1.939469503239427,1.0011918311180235
6.46,-0.982067594343338,-1.56350036640341,1.0131029138921683
6.47,-0.9825587250612776,-1.1724228726666246,1.0001200176147478
6.48,-0.9932693739655216,-0.7815550013747035,1.0010277263020229
6.49,-0.9945456966042043,-0.38157665152666936,0.9963981395446434
6.5,-0.9907552195252732,0.0028981658660801974,0.9907553268971018
6.51,-0.9923939032805329,0.3961534513196533,0.9943947576422932
6.5200000000000005,-0.9934591447672518,0.7884638531404383,1.0013532295381264
6.53,-0.9878198802723975,1.175585691180951,1.0053828267430056
6.54,-0.9557163621123816,1.5642570642956763,0.9876104849619668
6.55,-0.9507604241250822,1.9401340316747513,0.9996457667929781
6.5600000000000005,-0.9297068394286867,2.313837085521773,0.9999846053198312
6.57,-0.9049476779015683,2.6818381765410546,1.0005559817494698
6.58,-0.8753162562400247,3.021914893969277,0.998746234696815
6.59,-0.8450497275616373,3.3723984382107797,1.0010955506942925
6.6000000000000005,-0.8118853044093495,3.6997492363176043,1.0029369351705675
6.61,-0.7732475374819903,4.0044627041978105,1.002048564794018
6.62,-0.7291323937724931,4.290527043548391,0.9989644128310396
6.63,-0.6872642297843569,4.577205859273614,1.0015100730949038
6.640000000000001,-0.6409882186620725,4.847762458728958,1.0030693576659617
6.65,-0.5872531011540135,5.083089352003766,0.999672575213017
6.66,-0.537101681066104,5.3000723047941944,1.0000128209099146
6.67,-0.4742337091588023,5.503473382028783,0.9960457657822128
6.68,-0.43903414060704177,5.689399141725618,1.0063170357937192
6.69,-0.3626670184250668,5.844691622935133,0.9984091934265259
6.7,-0.3027865684124575,5.974469668987267,0.9979111077406888
6.71,-0.25905683832689747,6.083953364725896,1.0023464437440919
6.72,-0.18909475255613217,6.169934030463102,1.0000163533966726
6.73,-0.12719043789427886,6.229028463413502,0.9995063989567926
6.74,-0.06982807800290201,6.278863754680374,1.001748891018784
6.75,-0.003889083437957806,6.281573704833529,0.9997510699169362
6.76,0.05723764030198399,6.276872668837155,1.0006336900545605
6.7700000000000005,0.13409458578142527,6.2412470945956,1.0023355533614302
6.78,0.19205970655146098,6.176884375699068,1.0016668722621742
6.79,0.25504766263982087,6.08362938522139,1.001267898612869
6.8,0.312625354695162,5.977682979934798,1.001426143184048
6.8100000000000005,0.36247929382859323,5.8418369770621705,0.997917706143532
6.82,0.42315669023367164,5.6806775322894625,0.9982347901590268
6.83,0.4842005469078556,5.507619053043531,1.0014070165989488
6.84,0.5297161559345342,5.299173616999893,0.9959444515181666
6.8500000000000005,0.5913502444433352,5.089142089257567,1.0028627756547432
6.86,0.6362223627579017,4.838954399509631,0.99894941016522
6.87,0.6826730018909402,4.58125076748845,0.9988348693562169
6.88,0.7325234272624259,4.3025527574011955,1.0027482246330581
6.890000000000001,0.7727345593332186,4.003758521964244,1.0015814631739575
6.9,0.8072121635458531,3.69609712998828,0.9988153200298507
6.91,0.8501245745188352,3.3643245271220583,1.0046976131431946
6.92,0.8709013634058647,3.03130409328296,0.9956024919527477
6.93,0.9079067305007397,2.6685202904617795,1.0023331193577962
6.94,0.9327419921780935,2.313626678538155,1.0027947769650514
6.95,0.9495087840985825,1.9513056837207787,0.9990067119635672
6.96,0.9702138262398416,1.5575629884553386,1.001382159265233
6.97,0.9760316828467615,1.1739627977924225,0.9937543822600249
6.98,0.9967348364105122,0.7900614708808446,1.0046349745391365
6.99,0.9971022177460567,0.39542237864643887,0.9990863069643644
7.0,0.9973863848974048,0.0017531504963785687,0.9973864239262069
7.01,1.0032717745574564,-0.39207853408598115,1.005210509284171
7.0200000000000005,0.9885929828617634,-0.7843183242897642,0.9964427479123127
7.03,0.9752449442468707,-1.1718030234352443,0.9929170640649212
7.04,0.9608000152610123,-1.560515551793703,0.9923815942036641
7.05,0.9540865660518817,-1.9428173269985594,1.0029413589655758
7.0600000000000005,0.9233743391257688,-2.309631912134431,0.9938521468296679
7.07,0.9136010233759416,-2.6657507791885178,1.007308129681056
7.08,0.8658970330044472,-3.0276107755275676,0.990941966173405
7.09,0.852810207343466,-3.371571691928506,1.0075848743054818
7.1000000000000005,0.8100720817109595,-3.6876282576344876,1.0003366405442708
7.11,0.7700296772164387,-4.005654952652517,0.9996885421872127
7.12,0.726244031987366,-4.31199966577352,0.9992022950700699
7.13,0.6865427865004511,-4.576007860823319,1.0008763871714286
7.140000000000001,0.6372358162365652,-4.843954126925908,1.0002083795516103
7.15,0.5933017617025529,-5.083656358726794,1.0033105464484864
7.16,0.5363979332223071,-5.303408914302835,1.000083169848502
7.17,0.4825051829090284,-5.505044758236019,1.0002294661140827
7.18,0.4239612305040043,-5.681648782507409,0.9987160624254173
7.19,0.3678398245660706,-5.844135386946983,1.000217474675296
7.2,0.3105560032194094,-5.973098800492227,1.0000885114229583
7.21,0.24013904520157028,-6.087085220172895,0.9981083344845718
7.22,0.1806403874751985,-6.168198768803887,0.9981806010863802
7.23,0.12904955403441712,-6.230563676915926,0.9999869712936257
7.24,0.06364484671995628,-6.275464069743249,1.0007968976938106
7.25,-0.0009199166817633963,-6.277755396598711,0.999136226379746
7.26,-0.06269834986398251,-6.273466693458599,1.0004198842143832
7.2700000000000005,-0.12359532503749518,-6.229600225344585,0.9991455727243913
7.28,-0.19008011298727387,-6.170056384641318,1.0002222632502775
7.29,-0.25258141079186497,-6.076596568401,0.9995595032279692
7.3,-0.30803776809945393,-5.976781659394981,0.9998670138788334
7.3100000000000005,-0.37301641657275114,-5.843704539074725,1.0020691352660704
7.32,-0.42373802778650127,-5.6852931396225435,0.9991465743488094
7.33,-0.49026659212290197,-5.5075131555491055,1.0043393985427005
7.34,-0.5306810167923687,-5.30106910644597,0.9967133183419814
7.3500000000000005,-0.5854222648804108,-5.091285245357429,0.9996552035622424
7.36,-0.6361438410771201,-4.84654589809187,0.9998312298087737
7.37,-0.6796336510089579,-4.5855839838169965,0.9972646264855372
7.38,-0.7206412551990979,-4.296384780083582,0.9934252763382075
7.390000000000001,-0.7654413924507,-3.996499979969839,0.9952267670241987
7.4,-0.8182213655316045,-3.69368590707361,1.0075095155174383
7.41,-0.8507258103356944,-3.3675431540211025,1.0054793617623115
7.42,-0.8794307729323407,-3.026597345980128,1.0027120117801431
7.43,-0.9046965972149627,-2.6694407973499934,0.9994885930244313
7.44,-0.9271881907859072,-2.3176315463113566,0.9978664727697776
7.45,-0.9546852353609209,-1.9404191938117927,1.0033933444931407
7.46,-0.9676493273062448,-1.5576886569294766,0.9989026466248776
7.47,-0.9860641653904552,-1.1748460517953263,1.0036358974788335
7.48,-0.9951722903294379,-0.786544023549535,1.003014712267436
7.49,-1.0050600339125126,-0.3895192392739283,1.0069701668559503
7.5,-1.0046161662305546,-0.01351616146503005,1.0046184693494042
7.51,-1.0047851514563533,0.3979138463343954,1.0067789647482295
7.5200000000000005,-0.9969940675793643,0.7842215532169128,1.0047762885460714
7.53,-0.9770190417456501,1.1681983581607205,0.9945522327673866
7.54,-0.9733301555727908,1.5651206580759915,1.0046993343043722
7.55,-0.9378946059709676,1.9484793314512594,0.987833273708265
7.5600000000000005,-0.9273098963838471,2.312307538067285,0.997666684164048
7.57,-0.903902871847544,2.680014561599028,0.9994872165874421
7.58,-0.8805984689447702,3.035008998085617,1.004379461139373
7.59,-0.8408263761049728,3.3732736176730533,0.9976080373182935
7.6000000000000005,-0.8118951835061374,3.7013634836277607,1.0030957901374284
7.61,-0.7699031937025616,4.008763684288124,0.9999067463491451
7.62,-0.7161682047300694,4.301513486237941,0.9907491234123138
7.63,-0.6850274054273114,4.5722351401496,0.9994002436436313
7.640000000000001,-0.6316776231172584,4.840047173555502,0.9961955462223199
7.65,-0.5913011344181027,5.078987459338679,1.0015289425184772
7.66,-0.5360017374314848,5.315923529543157,1.0015526861623407
7.67,-0.47289967092353846,5.505117827572763,0.995641607439706
7.68,-0.42891412685401575,5.685812065627016,1.0014273598758403
7.69,-0.35906230989469473,5.844715381974328,0.9971089853230443
7.7,-0.30547823469766844,5.975882341714977,0.9989451682945907
7.71,-0.2515022210443283,6.094262741987122,1.0020087470633992
7.72,-0.1842192758904531,6.168779574399648,0.9989253254156216
7.73,-0.12047046131616647,6.2346135516121794,0.9995559122372825
7.74,-0.05968146971822716,6.267074523304537,0.999219811007963
7.75,-0.007851123599455957,6.2765851946234825,0.9989804114648919
7.76,0.05915483365018856,6.267728030778501,0.9992923208720385
7.7700000000000005,0.12409564038654942,6.233455330350747,0.9998163972993375
7.78,0.18700914744022323,6.169746310085742,0.9995947316317816
7.79,0.25179324765260325,6.082325381885612,1.0002430119908632
7.8,0.30990549937961187,5.968632742164757,0.9992109341143534
7.8100000000000005,0.36144783089112864,5.841542427230983,0.9974998115993475
7.82,0.42768028082010007,5.677672439722959,0.9997284321829442
7.83,0.48480660282813487,5.509797536453373,1.0020036149699103
7.84,0.538625747218649,5.305481014720365,1.001557850220466
7.8500000000000005,0.5931891559202461,5.075915934817936,1.0022507109993288
7.86,0.6415936005214365,4.8397314406108745,1.002473879915296
7.87,0.6868430063248302,4.5764841871811335,1.0011374977085379
7.88,0.728617798864115,4.302732190595562,0.9999182162474413
7.890000000000001,0.7622084381082083,4.011755299062882,0.9942997835874089
7.9,0.8111650854706113,3.683787798632676,1.000863787762143
7.91,0.8453663639378294,3.367274175800909,1.0009259440734082
7.92,0.8776645742298409,3.0261469428178422,1.0011288349768683
7.930000000000001,0.8984433095869196,2.6786068892452266,0.9944564363835221
7.94,0.9243712031862101,2.3140607637816135,0.9950390674685613
7.95,0.9563222805618169,1.9378511920667945,1.004825524545034
7.96,0.9683853853593477,1.5609693754000349,0.9997453159446381
7.97,0.985694754215551,1.1733713933610308,1.0032292413539663
7.98,0.99225629319513,0.7928719673255445,1.0002481389576625
7.99,0.9981755091257504,0.39463102798010213,1.0001495520229573
8.0,1.00469141902988,0.009505953428777348,1.0046925581478234
8.01,0.995446504787185,-0.3948277738057909,0.9974279210333197
8.02,0.9925953051991832,-0.7910339654670795,1.000547593016168
8.03,0.9799758742851647,-1.1849200946080443,0.9979565883209677
8.040000000000001,0.9664106799914686,-1.571580343459667,0.9982544805987525
8.05,0.9495106556778105,-1.9495317184404928,0.9989207577828599
8.06,0.9308871547464189,-2.3116591473853862,1.0009546043333737
8.07,0.9024333093577025,-2.672706563746843,0.9976619216727028
8.08,0.8825854606717335,-3.034853560305814,1.0061101505607282
8.09,0.8398548889909184,-3.3622238538347706,0.9958432667997497
8.1,0.8080826361541439,-3.6955789662393026,0.999470407702475
8.11,0.7683145874844198,-4.004319081772819,0.9982323083274874
8.120000000000001,0.7362035168431795,-4.293075214902171,1.004413015295602
8.13,0.6855298798112436,-4.575760772629773,1.0001532290453834
8.14,0.6425832124460328,-4.842620139235667,1.0034606069344154
8.15,0.5803574504272856,-5.087659653442349,0.9962285185026521
8.16,0.5371620463083434,-5.315827892962326,1.0021612790240029
8.17,0.4862018280798364,-5.509593023231125,1.0026509538517887
8.18,0.42619071151145094,-5.686251692787242,1.0003272411955286
8.19,0.37345195456000957,-5.846893852729872,1.0027024019568826
8.2,0.30643055212445425,-5.976320614318555,0.9993031916964961
8.21,0.25573662436578154,-6.085403227370181,1.0017165736570601
8.22,0.1988758052038166,-6.173017101117373,1.0023928328833855
8.23,0.12351904076210549,-6.236890527240108,1.000287536339419
8.24,0.060563006922312944,-6.269943602873192,0.9997286401319787
8.25,0.00726692238558875,-6.280975603931739,0.9996747278260625
8.26,-0.054892658800655664,-6.276238871620243,1.000401572939517
8.27,-0.12794753370006257,-6.226585852437266,0.9992174692939193
8.28,-0.18948224867119914,-6.172385761869754,1.0004728383501647
8.290000000000001,-0.2500988102091626,-6.08569323867024,1.0003367920439676
8.3,-0.3157392469301203,-5.9721232573668255,1.001562826611816
8.31,-0.3727178124170967,-5.840791874437817,1.0015277360404655
8.32,-0.43079999539883373,-5.680430358423538,1.0014632375076329
8.33,-0.4855926619272332,-5.504561635808927,1.0016552476438174
8.34,-0.5360002194159306,-5.308131002828883,1.0005044255329494
8.35,-0.5866141786297874,-5.081396174689243,0.9990792290884367
8.36,-0.6296714872846134,-4.846996117032771,0.9957812161052498
8.370000000000001,-0.6895388761323844,-4.579702170680189,1.0033609415776397
8.38,-0.7240470154290325,-4.30130246799664,0.9964361621535535
8.39,-0.7715831869969179,-4.006093631119112,1.0009301261497596
8.4,-0.8092643129232084,-3.6938063485381187,1.0002602096008455
8.41,-0.8409538280411827,-3.3761082906326423,0.9979583001520487
8.42,-0.8819202901516737,-3.0296912313344,1.0051322887259835
8.43,-0.9029150037350965,-2.67478596435733,0.9982387481557501
8.44,-0.9289442248471849,-2.312195498680459,0.9991793719544194
8.45,-0.9485942599751106,-1.9467494144301403,0.9979121547297459
8.46,-0.9671373179090927,-1.5562361058740235,0.9983492856460287
8.47,-0.9700107500291341,-1.1816823968860997,0.9880745942165637
8.48,-0.9953034012357347,-0.7826446456298963,1.0030675418790513
8.49,-1.0006817132032806,-0.39238849792740704,1.0026285277783913
8.5,-1.0031157026321238,-0.003231136549209774,1.0031158344486415
8.51,-1.0008041140240729,0.40340102419978696,1.0028613733449745
8.52,-0.9953016369510113,0.7815237474737219,1.003043653407703
8.53,-0.9763421680731516,1.1819472935130513,0.9942989678483505
8.540000000000001,-0.96148063988868,1.5675675566686231,0.9933218751165845
8.55,-0.9539102477638999,1.9382579376801026,1.0025501118488895
8.56,-0.9339382637537729,2.3199571071407434,1.004277563202042
8.57,-0.9024699746840864,2.673999956290017,0.9977828702715891
8.58,-0.8790677952652691,3.028391074942072,1.0025308949899143
8.59,-0.8411632664132405,3.368000654598988,0.9974407446124796
8.6,-0.8080023792706922,3.6924921172735505,0.9991164670620172
8.61,-0.7780919633507792,4.009107088198528,1.0062601158661009
8.620000000000001,-0.7212311014147582,4.305103761646225,0.994808493663781
8.63,-0.6755677175632108,4.571502309342893,0.9928546259441975
8.64,-0.6404879332011089,4.8477991872105415,1.002754233400159
8.65,-0.5897237600921533,5.07489123237508,1.0000718732672547
8.66,-0.5343974680253757,5.310231546977376,0.9999292473190811
8.67,-0.4800813901517811,5.5116307823190605,0.999981870715384
8.68,-0.422486570201713,5.679741209442017,0.9978159023288987
8.69,-0.35807352999084785,5.839903883654353,0.9960387324527964
8.700000000000001,-0.3099017305124163,5.970135806140684,0.9994371917621887
8.71,-0.2526813733875426,6.0847128816335365,1.0008346190304918
8.72,-0.19427791072579656,6.170352649787399,1.0010747432355598
8.73,-0.12898788376400996,6.237538816997341,1.0010798785912183
8.74,-0.06295615439368238,6.277338419963625,1.001051058296018
8.75,0.00897278931758502,6.290163726233536,1.0011508598938101
8.76,0.06020246303413179,6.267976036100135,0.9993942838849906
8.77,0.12645217332249414,6.232594404967272,0.9999756992896748
8.78,0.18729920010535248,6.163475630247233,0.9986687189274516
8.790000000000001,0.2546318535320969,6.081758136452488,1.0008740403952143
8.8,0.3216516565043202,5.98048858764859,1.0047036009955612
8.81,0.3654702088200773,5.850035869211867,1.000222553098679
8.82,0.4233320943524789,5.679024297233714,0.9980708714459159
8.83,0.4869744784870609,5.503034935339161,1.002113497174024
8.84,0.5392362524271251,5.304936787170899,1.001813305148909
8.85,0.5970187889211472,5.084604498109385,1.0056344833356863
8.86,0.6403436306753162,4.837229468396545,1.0013681705001045
8.870000000000001,0.6827506454747577,4.582365274431378,0.9990174216465989
8.88,0.7319219015748746,4.29876712130808,1.0018973544867367
8.89,0.7760567606787026,4.004980785478375,1.0042702708556106
8.9,0.8131194052809351,3.6958950822209253,1.0035765551753553
8.91,0.8468642956575503,3.3667311567542284,1.0021451822872969
8.92,0.8816400534918097,3.024765677343044,1.004510485152892
8.93,0.9106735304182465,2.674702139843387,1.005256193608041
8.94,0.9366872808434364,2.3125529658444415,1.0064029920925763
8.950000000000001,0.9543000657331028,1.9397609835760372,1.0029946299408559
8.96,0.9677475707270484,1.5612706647649908,0.9991394452104064
8.97,0.9830208191608558,1.1853447584975296,1.0009595723643492
8.98,0.9981472461470194,0.7902965288722593,1.0060409696106807
8.99,0.9939420500733355,0.3930470681465981,0.9959086177665899
9.0,1.0018433665443645,0.0034847720225675287,1.0018435200623101
9.01,0.996060034366635,-0.39619356718549636,0.9980539424106372
9.02,0.9922584254291523,-0.7816263084445925,1.0000260325943398
9.03,0.9886795100417264,-1.1755033116839881,1.0062250146037315
9.040000000000001,0.9695386564687298,-1.5631011557984071,1.0009467239000691
9.05,0.9512886990359345,-1.9393724540964126,1.000110806058533
9.06,0.9229772051833508,-2.3208491614007847,0.9941451244092041
9.07,0.9085583202961561,-2.68088402620754,1.003758229407233
9.08,0.8795341009495714,-3.0329172318276476,1.0032861823821368
9.09,0.8551441991185433,-3.3659843299313312,1.00908873113837
9.1,0.8074781032001858,-3.6845010859834586,0.9979446585532096
9.11,0.7716089944141106,-3.993896546101783,0.9997146093218445
9.120000000000001,0.7302155458399648,-4.297946062536243,1.0005621373891749
9.13,0.6924343723275033,-4.577740746834377,1.0051267104408768
9.14,0.6369475120867549,-4.8502827746668995,1.0008014286389522
9.15,0.5891803599213222,-5.085917061313941,1.0011697767335745
9.16,0.53886627752758,-5.30900773471522,1.002160426017979
9.17,0.4826867197175012,-5.509101494626167,1.0008826095256753
9.18,0.42354712349232143,-5.686036760686027,0.999172817203901
9.19,0.36909500264917455,-5.844318407982602,1.000706834438771
9.200000000000001,0.31438515312424165,-5.985560828535,1.0031674718411423
9.21,0.24355731066779857,-6.082047935504387,0.9981587640666115
9.22,0.18804616295645496,-6.1772565363370315,1.0009632427034147
9.23,0.12183262948960814,-6.232444280015435,0.9993783246197596
9.24,0.06876575267394126,-6.260416462884276,0.9987463703280708
9.25,-0.007615934523918385,-6.287782230137518,1.0007606026190476
9.26,-0.06558512876566693,-6.283438313846761,1.0021885776938857
9.27,-0.12344717418897339,-6.235070535445398,0.9999912188252493
9.28,-0.1795536944395479,-6.16638802303334,0.9977010298029464
9.290000000000001,-0.24901863847022476,-6.075995749513862,0.9985725634066821
9.3,-0.3117929920084146,-5.981812077455372,1.0017911141556266
9.31,-0.3587187673374726,-5.839474458977953,0.9962071149133886
9.32,-0.4330193610671544,-5.687522593877005,1.0034380807602896
9.33,-0.49274770388481276,-5.506526998406458,1.0054160675582462
9.34,-0.5336267227287298,-5.291847099220597,0.9970446890243775
9.35,-0.5902955234142329,-5.090718543957251,1.0024439849688735
9.36,-0.6425301538343371,-4.840008787688696,1.0031074385072363
9.370000000000001,-0.6810053236921936,-4.5779065033502455,0.9973068917954596
9.38,-0.7277496238525594,-4.295707386418722,0.9985199286305934
9.39,-0.7733336359294739,-4.004563131065397,1.0021251708954213
9.4,-0.8154185163683005,-3.6916234082834047,1.0050426566884034
9.41,-0.8399656388606148,-3.368657288242264,0.9964871909323102
9.42,-0.8730556741540688,-3.0256019720894716,0.9970489002861654
9.43,-0.9053229317849135,-2.6769661502405238,1.00056496758426
9.44,-0.9205433009080117,-2.3098869211911675,0.9912374730719268
9.450000000000001,-0.9564069401267864,-1.9434590904056455,1.005180384138444
9.46,-0.9762107869832555,-1.5606791431088376,1.0073157367325005
9.47,-0.9857467910780947,-1.1774978367134534,1.003402820740032
9.48,-0.9923426313962556,-0.7818616803786708,1.0001142448224425
9.49,-0.996810031181658,-0.39478143835470947,0.9987882785011177
9.5,-1.0012061802892815,-0.00886516234107135,1.0012071744575928
9.51,-0.9962664514457003,0.4008340772403078,0.9983068712487416
9.52,-0.9983723984354309,0.7829632701281897,1.006119135494722
9.53,-0.975068427708323,1.1740826909517559,0.9928119136582819
9.540000000000001,-0.9689939170205922,1.5595863386081894,1.0002801266690655
9.55,-0.945470037137212,1.9484832291913385,0.9950287737601615
9.56,-0.9280628591563632,2.302316409570527,0.9977815283878547
9.57,-0.9025432863702496,2.690938931531311,0.9990019595107746
9.58,-0.8734578436427033,3.032227890841001,0.9979106317035201
9.59,-0.8420893827019315,3.3678152399757764,0.9982060364611666
9.6,-0.8058033805756111,3.6928891909778203,0.9973761778378875
9.61,-0.7638674801251311,4.0064808172070165,0.9950339762040216
9.620000000000001,-0.7279860215729014,4.303741930185359,0.9995680656055396
9.63,-0.6810020871407461,4.5834710471388345,0.9979518718340089
9.64,-0.6378726682201233,4.844055508326167,1.0006266720929204
9.65,-0.5805846662152262,5.083651595721534,0.9958425579130975
9.66,-0.5392087564892968,5.30408212385413,1.0016838683912117
9.67,-0.47274897193716237,5.505240890216655,0.995587275837003
9.68,-0.4259800813182991,5.684221500191329,0.9999451813391672
9.69,-0.37527842819527013,5.84762680557846,1.0034922832996278
9.700000000000001,-0.30837647230039233,5.978632113094518,1.0002515724273227
9.71,-0.25209514545222494,6.071085543611658,0.9985880167999363
9.72,-0.18317809684078057,6.175172325090976,0.9997340339972701
9.73,-0.12859635346081258,6.234614195309588,1.0005678962836677
9.74,-0.06502143669538753,6.270693332450797,1.0001277023231112
9.75,-0.00944770365473182,6.281242714914142,0.9997354691964652
9.76,0.06052898793306702,6.2764074398329575,1.000753446088144
9.77,0.11321383693115461,6.238378146646609,0.9993025897460251
9.78,0.17946180046828739,6.168028432869219,0.9979413179159441
9.790000000000001,0.2524919604455777,6.087822748220593,1.0012657617573426
9.8,0.31294599516820604,5.970806045810396,1.0004866512716273
9.81,0.37025184049360355,5.835059864270183,0.999765175336074
9.82,0.42094441084942374,5.682062455470165,0.9974988318683325
9.83,0.48151511732100544,5.51030922399684,1.0004866037329745
9.84,0.5358087822835406,5.309834441182575,1.0006308369159722
9.85,0.5819934288465042,5.085769119415775,0.9969381420373096
9.86,0.644940981257522,4.8449029649303945,1.0052507407077538
9.870000000000001,0.6889339173815712,4.5828258606446335,1.0033066508755304
9.88,0.7278638065522645,4.297928910067321,0.9988452500604101
9.89,0.7706476719707606,4.007212659556138,1.0003226864539414
9.9,0.8100589084146859,3.6971657086070464,1.001217318142164
9.91,0.8341192511598922,3.3704705020542427,0.9917201699144141
9.92,0.8750707931312608,3.0328921736530514,0.9993737898604267
9.93,0.9014171312260291,2.6787917080990225,0.9971565316135209
9.94,0.9247683858387741,2.3147520216781774,0.9954487638192737
9.950000000000001,0.9496510148307247,1.9469617899170315,0.998927221983758
9.96,0.9775715937628803,1.5624320387820825,1.0087033182167793
9.97,0.985491465035024,1.172942149388869,1.0030167888417003
9.98,0.9892588063655636,0.7866765968128359,0.9971503871637521
9.99,1.0008896423350524,0.39079995651271326,1.002820340637673
