timestamp,run_status,delta_kappa,stiffness,omega,curvature
2026-01-19T00:00:00Z,CONFORMANT,-2.051221,0.080000,0.025000,0.100000
2026-01-19T01:00:00Z,CONFORMANT,-2.127559,0.100000,0.030000,0.120000
2026-01-19T02:00:00Z,CONFORMANT,-1.828519,0.070000,0.020000,0.090000
2026-01-19T03:00:00Z,CONFORMANT,-2.296315,0.200000,0.080000,0.180000
2026-01-19T04:00:00Z,CONFORMANT,-2.441941,0.250000,0.120000,0.220000
2026-01-19T05:00:00Z,CONFORMANT,-2.474676,0.280000,0.150000,0.250000
2026-01-19T06:00:00Z,CONFORMANT,-2.331539,0.400000,0.250000,0.350000
2026-01-19T07:00:00Z,CONFORMANT,-2.081366,0.420000,0.280000,0.380000
2026-01-19T17:44:03Z,CONFORMANT,,0.000000,0.000000,0.000000
2026-01-20T00:34:36Z,CONFORMANT,,0.000000,0.000000,0.000000
2026-01-20T00:47:08Z,CONFORMANT,,0.000000,0.000000,0.000000
2026-01-20T00:50:28Z,CONFORMANT,,0.000000,0.000000,0.000000
2026-01-20T00:50:57Z,CONFORMANT,,0.000000,0.000000,0.000000
2026-01-20T00:51:49Z,CONFORMANT,,0.000000,0.000000,0.000000
2026-01-20T00:51:58Z,CONFORMANT,,0.000000,0.000000,0.000000
2026-01-20T00:53:18Z,CONFORMANT,,0.000000,0.000000,0.000000
2026-01-20T00:53:25Z,CONFORMANT,,0.000000,0.000000,0.000000
2026-01-20T00:56:05Z,CONFORMANT,,0.000000,0.000000,0.000000
2026-01-20T00:58:12Z,CONFORMANT,,0.000000,0.000000,0.000000
2026-01-20T00:58:20Z,CONFORMANT,,0.000000,0.000000,0.000000
2026-01-20T00:58:44Z,CONFORMANT,,0.000000,0.000000,0.000000
2026-01-20T00:58:46Z,CONFORMANT,,0.000000,0.000000,0.000000
2026-01-20T01:09:11Z,CONFORMANT,,0.000000,0.000000,0.000000
2026-01-20T01:09:13Z,CONFORMANT,,0.000000,0.000000,0.000000
2026-01-20T01:11:17Z,CONFORMANT,,0.000000,0.000000,0.000000
2026-01-20T01:11:19Z,CONFORMANT,,0.000000,0.000000,0.000000
2026-01-20T01:15:22Z,CONFORMANT,,0.000000,0.000000,0.000000
2026-01-20T01:15:39Z,CONFORMANT,,0.000000,0.000000,0.000000
2026-01-20T01:15:55Z,CONFORMANT,,0.000000,0.000000,0.000000
2026-01-20T01:16:18Z,CONFORMANT,,0.000000,0.000000,0.000000
2026-01-20T01:16:27Z,CONFORMANT,,0.000000,0.000000,0.000000
2026-01-20T01:16:29Z,CONFORMANT,,0.000000,0.000000,0.000000
2026-01-20T01:16:50Z,CONFORMANT,,0.000000,0.000000,0.000000
2026-01-20T01:16:52Z,CONFORMANT,,0.000000,0.000000,0.000000
2026-01-20T01:17:10Z,CONFORMANT,,0.000000,0.000000,0.000000
2026-01-20T01:17:12Z,CONFORMANT,,0.000000,0.000000,0.000000
2026-01-20T01:17:14Z,CONFORMANT,,0.000000,0.000000,0.000000
2026-01-20T01:17:16Z,CONFORMANT,,0.000000,0.000000,0.000000
2026-01-20T01:17:38Z,CONFORMANT,,0.000000,0.000000,0.000000
2026-01-20T01:17:40Z,CONFORMANT,,0.000000,0.000000,0.000000
2026-01-20T01:18:09Z,CONFORMANT,,0.000000,0.000000,0.000000
2026-01-20T01:18:11Z,CONFORMANT,,0.000000,0.000000,0.000000
2026-01-20T01:18:59Z,CONFORMANT,,0.000000,0.000000,0.000000
2026-01-20T01:20:49Z,CONFORMANT,,0.000000,0.000000,0.000000
2026-01-20T01:20:51Z,CONFORMANT,,0.000000,0.000000,0.000000
2026-01-20T01:20:53Z,CONFORMANT,,0.000000,0.000000,0.000000
2026-01-20T01:20:55Z,CONFORMANT,,0.000000,0.000000,0.000000
2026-01-20T01:20:57Z,CONFORMANT,,0.000000,0.000000,0.000000
2026-01-20T01:21:00Z,CONFORMANT,,0.000000,0.000000,0.000000
2026-01-20T01:21:02Z,CONFORMANT,,0.000000,0.000000,0.000000
2026-01-20T01:21:55Z,CONFORMANT,,0.000000,0.000000,0.000000
2026-01-20T01:21:57Z,CONFORMANT,,0.000000,0.000000,0.000000
2026-01-20T01:22:17Z,CONFORMANT,,0.000000,0.000000,0.000000
2026-01-20T01:22:22Z,CONFORMANT,,0.000000,0.000000,0.000000
2026-01-20T01:23:01Z,CONFORMANT,,0.000000,0.000000,0.000000
2026-01-20T01:23:03Z,CONFORMANT,,0.000000,0.000000,0.000000
2026-01-20T01:23:27Z,CONFORMANT,,0.000000,0.000000,0.000000
2026-01-20T01:23:29Z,CONFORMANT,,0.000000,0.000000,0.000000
2026-01-20T01:28:34Z,CONFORMANT,,0.000000,0.000000,0.000000
2026-01-20T01:28:52Z,CONFORMANT,,0.000000,0.000000,0.000000
2026-01-20T01:28:54Z,CONFORMANT,,0.000000,0.000000,0.000000
2026-01-20T01:28:56Z,CONFORMANT,,0.000000,0.000000,0.000000
2026-01-20T01:28:58Z,CONFORMANT,,0.000000,0.000000,0.000000
2026-01-20T01:29:00Z,CONFORMANT,,0.000000,0.000000,0.000000
2026-01-20T01:29:11Z,CONFORMANT,,0.000000,0.000000,0.000000
2026-01-20T01:29:13Z,CONFORMANT,,0.000000,0.000000,0.000000
2026-01-20T01:29:25Z,CONFORMANT,,0.000000,0.000000,0.000000
2026-01-20T01:29:27Z,CONFORMANT,,0.000000,0.000000,0.000000
2026-01-20T01:29:56Z,CONFORMANT,,0.000000,0.000000,0.000000
2026-01-20T01:29:58Z,CONFORMANT,,0.000000,0.000000,0.000000
2026-01-20T01:31:02Z,CONFORMANT,,0.000000,0.000000,0.000000
2026-01-20T01:31:04Z,CONFORMANT,,0.000000,0.000000,0.000000
2026-01-20T01:33:08Z,CONFORMANT,,0.000000,0.000000,0.000000
2026-01-20T01:33:25Z,CONFORMANT,,0.000000,0.000000,0.000000
2026-01-20T01:33:26Z,CONFORMANT,,0.000000,0.000000,0.000000
2026-01-20T01:33:52Z,CONFORMANT,,0.000000,0.000000,0.000000
2026-01-20T01:33:54Z,CONFORMANT,,0.000000,0.000000,0.000000
2026-01-20T03:33:41Z,CONFORMANT,,0.000000,0.000000,0.000000
2026-01-20T03:33:43Z,CONFORMANT,,0.000000,0.000000,0.000000
2026-01-20T03:41:00Z,CONFORMANT,,0.000000,0.000000,0.000000
2026-01-20T03:41:02Z,CONFORMANT,,0.000000,0.000000,0.000000
2026-01-20T04:02:51Z,CONFORMANT,,0.000000,0.000000,0.000000
2026-01-20T04:02:53Z,CONFORMANT,,0.000000,0.000000,0.000000
2026-01-20T04:04:16Z,CONFORMANT,,0.000000,0.000000,0.000000
2026-01-20T04:04:18Z,CONFORMANT,,0.000000,0.000000,0.000000
2026-01-20T04:05:31Z,CONFORMANT,,0.000000,0.000000,0.000000
2026-01-20T04:05:33Z,CONFORMANT,,0.000000,0.000000,0.000000
2026-01-20T04:06:03Z,CONFORMANT,,0.000000,0.000000,0.000000
2026-01-20T04:06:05Z,CONFORMANT,,0.000000,0.000000,0.000000
2026-01-20T04:13:06Z,CONFORMANT,,0.000000,0.000000,0.000000
2026-01-20T04:13:08Z,CONFORMANT,,0.000000,0.000000,0.000000
2026-01-20T04:13:17Z,CONFORMANT,,0.000000,0.000000,0.000000
2026-01-20T04:13:19Z,CONFORMANT,,0.000000,0.000000,0.000000
2026-01-20T04:13:26Z,CONFORMANT,,0.000000,0.000000,0.000000
2026-01-20T04:13:28Z,CONFORMANT,,0.000000,0.000000,0.000000
2026-01-20T04:14:54Z,CONFORMANT,,0.000000,0.000000,0.000000
2026-01-20T04:14:56Z,CONFORMANT,,0.000000,0.000000,0.000000
2026-01-20T04:37:34Z,CONFORMANT,,0.000000,0.000000,0.000000
2026-01-20T04:37:36Z,CONFORMANT,,0.000000,0.000000,0.000000
2026-01-20T04:38:44Z,CONFORMANT,,0.000000,0.000000,0.000000
2026-01-20T04:38:46Z,CONFORMANT,,0.000000,0.000000,0.000000
2026-01-20T04:39:21Z,CONFORMANT,,0.000000,0.000000,0.000000
2026-01-20T04:39:23Z,CONFORMANT,,0.000000,0.000000,0.000000
2026-01-20T04:39:51Z,CONFORMANT,,0.000000,0.000000,0.000000
2026-01-20T04:39:53Z,CONFORMANT,,0.000000,0.000000,0.000000
2026-01-20T04:40:28Z,CONFORMANT,,0.000000,0.000000,0.000000
2026-01-20T04:40:30Z,CONFORMANT,,0.000000,0.000000,0.000000
2026-01-20T04:42:01Z,CONFORMANT,,0.000000,0.000000,0.000000
2026-01-20T04:42:03Z,CONFORMANT,,0.000000,0.000000,0.000000
2026-01-20T04:42:45Z,CONFORMANT,,0.000000,0.000000,0.000000
2026-01-20T04:42:47Z,CONFORMANT,,0.000000,0.000000,0.000000
2026-01-20T04:44:05Z,CONFORMANT,,0.000000,0.000000,0.000000
2026-01-20T04:44:07Z,CONFORMANT,,0.000000,0.000000,0.000000
2026-01-20T04:44:56Z,CONFORMANT,,0.000000,0.000000,0.000000
2026-01-20T04:44:58Z,CONFORMANT,,0.000000,0.000000,0.000000
2026-01-20T04:47:29Z,CONFORMANT,,0.000000,0.000000,0.000000
2026-01-20T04:47:31Z,CONFORMANT,,0.000000,0.000000,0.000000
2026-01-20T04:48:16Z,CONFORMANT,,0.000000,0.000000,0.000000
2026-01-20T04:48:29Z,CONFORMANT,,0.000000,0.000000,0.000000
2026-01-20T04:50:17Z,CONFORMANT,,0.000000,0.000000,0.000000
2026-01-20T04:50:19Z,CONFORMANT,,0.000000,0.000000,0.000000
2026-01-20T04:50:56Z,CONFORMANT,,0.000000,0.000000,0.000000
2026-01-20T04:50:58Z,CONFORMANT,,0.000000,0.000000,0.000000
2026-01-20T04:52:18Z,CONFORMANT,,0.000000,0.000000,0.000000
2026-01-20T04:52:20Z,CONFORMANT,,0.000000,0.000000,0.000000
2026-01-20T04:53:01Z,CONFORMANT,,0.000000,0.000000,0.000000
2026-01-20T04:53:03Z,CONFORMANT,,0.000000,0.000000,0.000000
2026-01-20T04:56:15Z,CONFORMANT,,0.000000,0.000000,0.000000
2026-01-20T04:56:17Z,CONFORMANT,,0.000000,0.000000,0.000000
2026-01-20T04:58:52Z,CONFORMANT,,0.000000,0.000000,0.000000
2026-01-20T04:58:54Z,CONFORMANT,,0.000000,0.000000,0.000000
2026-01-20T05:01:37Z,CONFORMANT,,0.000000,0.000000,0.000000
2026-01-20T05:01:39Z,CONFORMANT,,0.000000,0.000000,0.000000
2026-01-20T05:02:04Z,CONFORMANT,,0.000000,0.000000,0.000000
2026-01-20T05:03:10Z,CONFORMANT,,0.000000,0.000000,0.000000
2026-01-20T05:03:12Z,CONFORMANT,,0.000000,0.000000,0.000000
2026-01-20T05:03:28Z,CONFORMANT,,0.000000,0.000000,0.000000
2026-01-20T05:05:44Z,CONFORMANT,,0.000000,0.000000,0.000000
2026-01-20T05:05:46Z,CONFORMANT,,0.000000,0.000000,0.000000
2026-01-20T05:06:02Z,CONFORMANT,,0.000000,0.000000,0.000000
2026-01-20T05:06:25Z,CONFORMANT,,0.000000,0.000000,0.000000
2026-01-20T05:06:27Z,CONFORMANT,,0.000000,0.000000,0.000000
2026-01-20T05:10:28Z,CONFORMANT,,0.000000,0.000000,0.000000
2026-01-20T05:16:26Z,CONFORMANT,,0.000000,0.000000,0.000000
2026-01-20T05:16:28Z,CONFORMANT,,0.000000,0.000000,0.000000
2026-01-20T05:17:17Z,CONFORMANT,,0.000000,0.000000,0.000000
2026-01-20T05:17:19Z,CONFORMANT,,0.000000,0.000000,0.000000
2026-01-20T06:49:46Z,CONFORMANT,,0.00000019,0.00000001,0.00000000
2026-01-20T06:49:48Z,CONFORMANT,,0.00000019,0.00000001,0.00000000
2026-01-20T06:50:44Z,CONFORMANT,,0.00000019,0.00000001,0.00000000
2026-01-20T06:50:46Z,CONFORMANT,,0.00000019,0.00000001,0.00000000
2026-01-20T06:51:10Z,CONFORMANT,,0.00000019,0.00000001,0.00000000
2026-01-20T06:51:49Z,CONFORMANT,,0.00000019,0.00000001,0.00000000
2026-01-20T06:55:01Z,CONFORMANT,,0.00000019,0.00000001,0.00000000
2026-01-20T06:57:58Z,CONFORMANT,,0.00000019,0.00000001,0.00000000
2026-01-20T06:58:00Z,CONFORMANT,,0.00000019,0.00000001,0.00000000
2026-01-20T07:07:03Z,CONFORMANT,,0.00000019,0.00000001,0.00000000
2026-01-20T07:07:05Z,CONFORMANT,,0.00000019,0.00000001,0.00000000
2026-01-20T07:07:43Z,CONFORMANT,,0.00000019,0.00000001,0.00000000
2026-01-20T07:07:45Z,CONFORMANT,,0.00000019,0.00000001,0.00000000
2026-01-20T07:09:47Z,CONFORMANT,,0.00000019,0.00000001,0.00000000
2026-01-20T07:09:49Z,CONFORMANT,,0.00000019,0.00000001,0.00000000
2026-01-20T07:11:20Z,CONFORMANT,,0.00000019,0.00000001,0.00000000
2026-01-20T07:11:22Z,CONFORMANT,,0.00000019,0.00000001,0.00000000
2026-01-20T07:14:32Z,CONFORMANT,,0.00000019,0.00000001,0.00000000
2026-01-20T07:14:34Z,CONFORMANT,,0.00000019,0.00000001,0.00000000
2026-01-20T07:15:51Z,CONFORMANT,,0.00000019,0.00000001,0.00000000
2026-01-20T07:15:53Z,CONFORMANT,,0.00000019,0.00000001,0.00000000
2026-01-20T07:15:56Z,CONFORMANT,,0.00000019,0.00000001,0.00000000
2026-01-20T07:16:24Z,CONFORMANT,,0.00000019,0.00000001,0.00000000
2026-01-20T07:16:26Z,CONFORMANT,,0.00000019,0.00000001,0.00000000
2026-01-20T07:16:28Z,CONFORMANT,,0.00000019,0.00000001,0.00000000
2026-01-20T07:16:31Z,CONFORMANT,,0.00000019,0.00000001,0.00000000
2026-01-20T07:16:43Z,CONFORMANT,,0.00000019,0.00000001,0.00000000
2026-01-20T07:16:45Z,CONFORMANT,,0.00000019,0.00000001,0.00000000
2026-01-20T07:17:05Z,CONFORMANT,,0.00000019,0.00000001,0.00000000
2026-01-20T07:17:07Z,CONFORMANT,,0.00000019,0.00000001,0.00000000
2026-01-20T07:17:09Z,CONFORMANT,,0.00000019,0.00000001,0.00000000
2026-01-20T07:17:12Z,CONFORMANT,,0.00000019,0.00000001,0.00000000
2026-01-20T07:20:49Z,CONFORMANT,,0.00000019,0.00000001,0.00000000
2026-01-20T07:20:51Z,CONFORMANT,,0.00000019,0.00000001,0.00000000
2026-01-20T07:21:12Z,CONFORMANT,,0.00000019,0.00000001,0.00000000
2026-01-20T07:21:14Z,CONFORMANT,,0.00000019,0.00000001,0.00000000
2026-01-20T07:21:16Z,CONFORMANT,,0.00000019,0.00000001,0.00000000
2026-01-20T07:21:19Z,CONFORMANT,,0.00000019,0.00000001,0.00000000
2026-01-20T17:16:15Z,CONFORMANT,,0.00000019,0.00000001,0.00000000
2026-01-20T17:16:17Z,CONFORMANT,,0.00000019,0.00000001,0.00000000
2026-01-20T17:16:39Z,CONFORMANT,,0.00000019,0.00000001,0.00000000
2026-01-20T17:16:41Z,CONFORMANT,,0.00000019,0.00000001,0.00000000
2026-01-20T17:16:43Z,CONFORMANT,,0.00000019,0.00000001,0.00000000
2026-01-20T17:16:47Z,CONFORMANT,,0.00000019,0.00000001,0.00000000
2026-01-20T17:19:22Z,CONFORMANT,,0.00000019,0.00000001,0.00000000
2026-01-20T17:19:24Z,CONFORMANT,,0.00000019,0.00000001,0.00000000
2026-01-20T17:19:45Z,CONFORMANT,,0.00000019,0.00000001,0.00000000
2026-01-20T17:19:47Z,CONFORMANT,,0.00000019,0.00000001,0.00000000
2026-01-20T17:19:49Z,CONFORMANT,,0.00000019,0.00000001,0.00000000
2026-01-20T17:19:52Z,CONFORMANT,,0.00000019,0.00000001,0.00000000
2026-01-20T17:20:52Z,CONFORMANT,,0.00000019,0.00000001,0.00000000
2026-01-20T17:20:54Z,CONFORMANT,,0.00000019,0.00000001,0.00000000
2026-01-20T17:21:16Z,CONFORMANT,,0.00000019,0.00000001,0.00000000
2026-01-20T17:21:18Z,CONFORMANT,,0.00000019,0.00000001,0.00000000
2026-01-20T17:21:20Z,CONFORMANT,,0.00000019,0.00000001,0.00000000
2026-01-20T17:21:24Z,CONFORMANT,,0.00000019,0.00000001,0.00000000
2026-01-20T17:22:08Z,CONFORMANT,,0.00000019,0.00000001,0.00000000
2026-01-20T17:22:11Z,CONFORMANT,,0.00000019,0.00000001,0.00000000
2026-01-20T17:22:37Z,CONFORMANT,,0.00000019,0.00000001,0.00000000
2026-01-20T17:22:39Z,CONFORMANT,,0.00000019,0.00000001,0.00000000
2026-01-20T17:22:41Z,CONFORMANT,,0.00000019,0.00000001,0.00000000
2026-01-20T17:22:44Z,CONFORMANT,,0.00000019,0.00000001,0.00000000
2026-01-20T17:25:58Z,CONFORMANT,,0.00000019,0.00000001,0.00000000
2026-01-20T17:26:00Z,CONFORMANT,,0.00000019,0.00000001,0.00000000
2026-01-20T17:26:22Z,CONFORMANT,,0.00000019,0.00000001,0.00000000
2026-01-20T17:26:24Z,CONFORMANT,,0.00000019,0.00000001,0.00000000
2026-01-20T17:26:26Z,CONFORMANT,,0.00000019,0.00000001,0.00000000
2026-01-20T17:26:29Z,CONFORMANT,,0.00000019,0.00000001,0.00000000
2026-01-20T17:37:57Z,CONFORMANT,,0.00000019,0.00000001,0.00000000
2026-01-20T17:38:00Z,CONFORMANT,,0.00000019,0.00000001,0.00000000
2026-01-20T17:38:20Z,CONFORMANT,,0.00000019,0.00000001,0.00000000
2026-01-20T17:38:22Z,CONFORMANT,,0.00000019,0.00000001,0.00000000
2026-01-20T17:38:24Z,CONFORMANT,,0.00000019,0.00000001,0.00000000
2026-01-20T17:38:28Z,CONFORMANT,,0.00000019,0.00000001,0.00000000
2026-01-20T17:40:43Z,CONFORMANT,,0.00000019,0.00000001,0.00000000
2026-01-20T17:40:45Z,CONFORMANT,,0.00000019,0.00000001,0.00000000
2026-01-20T17:41:06Z,CONFORMANT,,0.00000019,0.00000001,0.00000000
2026-01-20T17:41:08Z,CONFORMANT,,0.00000019,0.00000001,0.00000000
2026-01-20T17:41:10Z,CONFORMANT,,0.00000019,0.00000001,0.00000000
2026-01-20T17:41:13Z,CONFORMANT,,0.00000019,0.00000001,0.00000000
2026-01-20T17:41:53Z,CONFORMANT,,0.00000019,0.00000001,0.00000000
2026-01-22T04:26:21Z,CONFORMANT,,0.00000019,0.00000001,0.00000000
2026-01-22T04:26:21Z,CONFORMANT,,0.00000019,0.00000001,0.00000000
2026-01-22T04:26:28Z,CONFORMANT,,0.00000019,0.00000001,0.00000000
2026-01-22T04:26:29Z,CONFORMANT,,0.00000019,0.00000001,0.00000000
2026-01-22T04:26:29Z,CONFORMANT,,0.00000019,0.00000001,0.00000000
2026-01-22T04:26:30Z,CONFORMANT,,0.00000019,0.00000001,0.00000000
2026-01-22T04:26:45Z,CONFORMANT,,0.00000019,0.00000001,0.00000000
2026-01-22T04:26:46Z,CONFORMANT,,0.00000019,0.00000001,0.00000000
2026-01-22T04:26:52Z,CONFORMANT,,0.00000019,0.00000001,0.00000000
2026-01-22T04:26:53Z,CONFORMANT,,0.00000019,0.00000001,0.00000000
2026-01-22T04:26:54Z,CONFORMANT,,0.00000019,0.00000001,0.00000000
2026-01-22T04:26:55Z,CONFORMANT,,0.00000019,0.00000001,0.00000000
2026-01-22T04:33:46Z,CONFORMANT,,0.00000019,0.00000001,0.00000000
2026-01-22T04:33:47Z,CONFORMANT,,0.00000019,0.00000001,0.00000000
2026-01-22T04:33:54Z,CONFORMANT,,0.00000019,0.00000001,0.00000000
2026-01-22T04:33:54Z,CONFORMANT,,0.00000019,0.00000001,0.00000000
2026-01-22T04:33:55Z,CONFORMANT,,0.00000019,0.00000001,0.00000000
2026-01-22T04:33:56Z,CONFORMANT,,0.00000019,0.00000001,0.00000000
2026-01-22T17:44:20Z,CONFORMANT,,0.00000019,0.00000001,0.00000000
2026-01-22T17:44:21Z,CONFORMANT,,0.00000019,0.00000001,0.00000000
2026-01-22T17:44:28Z,CONFORMANT,,0.00000019,0.00000001,0.00000000
2026-01-22T17:44:28Z,CONFORMANT,,0.00000019,0.00000001,0.00000000
2026-01-22T17:44:29Z,CONFORMANT,,0.00000019,0.00000001,0.00000000
2026-01-22T17:44:29Z,CONFORMANT,,0.00000019,0.00000001,0.00000000
2026-01-22T17:46:27Z,CONFORMANT,,0.00000019,0.00000001,0.00000000
2026-01-22T17:46:28Z,CONFORMANT,,0.00000019,0.00000001,0.00000000
2026-01-22T17:46:34Z,CONFORMANT,,0.00000019,0.00000001,0.00000000
2026-01-22T17:46:35Z,CONFORMANT,,0.00000019,0.00000001,0.00000000
2026-01-22T17:46:35Z,CONFORMANT,,0.00000019,0.00000001,0.00000000
2026-01-22T17:46:36Z,CONFORMANT,,0.00000019,0.00000001,0.00000000
2026-01-22T23:15:05Z,CONFORMANT,,0.00000019,0.00000001,0.00000000
2026-01-22T23:15:05Z,CONFORMANT,,0.00000019,0.00000001,0.00000000
2026-01-22T23:15:12Z,CONFORMANT,,0.00000019,0.00000001,0.00000000
2026-01-22T23:15:12Z,CONFORMANT,,0.00000019,0.00000001,0.00000000
2026-01-22T23:15:13Z,CONFORMANT,,0.00000019,0.00000001,0.00000000
2026-01-22T23:15:14Z,CONFORMANT,,0.00000019,0.00000001,0.00000000
2026-01-22T23:24:53Z,CONFORMANT,,0.00000019,0.00000001,0.00000000
2026-01-22T23:24:53Z,CONFORMANT,,0.00000019,0.00000001,0.00000000
2026-01-22T23:25:00Z,CONFORMANT,,0.00000019,0.00000001,0.00000000
2026-01-22T23:25:01Z,CONFORMANT,,0.00000019,0.00000001,0.00000000
2026-01-22T23:25:01Z,CONFORMANT,,0.00000019,0.00000001,0.00000000
2026-01-22T23:25:02Z,CONFORMANT,,0.00000019,0.00000001,0.00000000
2026-01-22T23:35:50Z,CONFORMANT,,0.00000019,0.00000001,0.00000000
2026-01-22T23:35:51Z,CONFORMANT,,0.00000019,0.00000001,0.00000000
2026-01-22T23:35:58Z,CONFORMANT,,0.00000019,0.00000001,0.00000000
2026-01-22T23:35:58Z,CONFORMANT,,0.00000019,0.00000001,0.00000000
2026-01-22T23:35:59Z,CONFORMANT,,0.00000019,0.00000001,0.00000000
2026-01-22T23:36:00Z,CONFORMANT,,0.00000019,0.00000001,0.00000000
2026-01-22T23:37:32Z,CONFORMANT,,0.00000019,0.00000001,0.00000000
2026-01-22T23:37:32Z,CONFORMANT,,0.00000019,0.00000001,0.00000000
2026-01-22T23:37:39Z,CONFORMANT,,0.00000019,0.00000001,0.00000000
2026-01-22T23:37:40Z,CONFORMANT,,0.00000019,0.00000001,0.00000000
2026-01-22T23:37:40Z,CONFORMANT,,0.00000019,0.00000001,0.00000000
2026-01-22T23:37:41Z,CONFORMANT,,0.00000019,0.00000001,0.00000000
2026-01-22T23:39:04Z,CONFORMANT,,0.00000019,0.00000001,0.00000000
2026-01-22T23:39:05Z,CONFORMANT,,0.00000019,0.00000001,0.00000000
2026-01-22T23:39:11Z,CONFORMANT,,0.00000019,0.00000001,0.00000000
2026-01-22T23:39:12Z,CONFORMANT,,0.00000019,0.00000001,0.00000000
2026-01-22T23:39:12Z,CONFORMANT,,0.00000019,0.00000001,0.00000000
2026-01-22T23:39:13Z,CONFORMANT,,0.00000019,0.00000001,0.00000000
2026-01-22T23:39:40Z,CONFORMANT,,0.00000019,0.00000001,0.00000000
2026-01-22T23:39:41Z,CONFORMANT,,0.00000019,0.00000001,0.00000000
2026-01-22T23:39:47Z,CONFORMANT,,0.00000019,0.00000001,0.00000000
2026-01-22T23:39:48Z,CONFORMANT,,0.00000019,0.00000001,0.00000000
2026-01-22T23:39:48Z,CONFORMANT,,0.00000019,0.00000001,0.00000000
2026-01-22T23:39:49Z,CONFORMANT,,0.00000019,0.00000001,0.00000000
2026-01-22T23:47:38Z,CONFORMANT,,0.00000019,0.00000001,0.00000000
2026-01-22T23:47:38Z,CONFORMANT,,0.00000019,0.00000001,0.00000000
2026-01-22T23:47:45Z,CONFORMANT,,0.00000019,0.00000001,0.00000000
2026-01-22T23:47:46Z,CONFORMANT,,0.00000019,0.00000001,0.00000000
2026-01-22T23:47:47Z,CONFORMANT,,0.00000019,0.00000001,0.00000000
2026-01-22T23:47:48Z,CONFORMANT,,0.00000019,0.00000001,0.00000000
2026-01-22T23:53:47Z,CONFORMANT,,0.00000019,0.00000001,0.00000000
2026-01-22T23:53:48Z,CONFORMANT,,0.00000019,0.00000001,0.00000000
2026-01-22T23:53:54Z,CONFORMANT,,0.00000019,0.00000001,0.00000000
2026-01-22T23:53:55Z,CONFORMANT,,0.00000019,0.00000001,0.00000000
2026-01-22T23:53:55Z,CONFORMANT,,0.00000019,0.00000001,0.00000000
2026-01-22T23:53:56Z,CONFORMANT,,0.00000019,0.00000001,0.00000000
2026-01-22T23:55:15Z,CONFORMANT,,0.00000019,0.00000001,0.00000000
2026-01-22T23:55:15Z,CONFORMANT,,0.00000019,0.00000001,0.00000000
2026-01-22T23:55:22Z,CONFORMANT,,0.00000019,0.00000001,0.00000000
2026-01-22T23:55:23Z,CONFORMANT,,0.00000019,0.00000001,0.00000000
2026-01-22T23:55:23Z,CONFORMANT,,0.00000019,0.00000001,0.00000000
2026-01-22T23:55:24Z,CONFORMANT,,0.00000019,0.00000001,0.00000000
2026-01-22T23:57:50Z,CONFORMANT,,0.00000019,0.00000001,0.00000000
2026-01-22T23:57:51Z,CONFORMANT,,0.00000019,0.00000001,0.00000000
2026-01-22T23:57:58Z,CONFORMANT,,0.00000019,0.00000001,0.00000000
2026-01-22T23:57:59Z,CONFORMANT,,0.00000019,0.00000001,0.00000000
2026-01-22T23:57:59Z,CONFORMANT,,0.00000019,0.00000001,0.00000000
2026-01-22T23:58:00Z,CONFORMANT,,0.00000019,0.00000001,0.00000000
2026-01-22T23:59:34Z,CONFORMANT,,0.00000019,0.00000001,0.00000000
2026-01-22T23:59:35Z,CONFORMANT,,0.00000019,0.00000001,0.00000000
2026-01-22T23:59:42Z,CONFORMANT,,0.00000019,0.00000001,0.00000000
2026-01-22T23:59:43Z,CONFORMANT,,0.00000019,0.00000001,0.00000000
2026-01-22T23:59:44Z,CONFORMANT,,0.00000019,0.00000001,0.00000000
2026-01-22T23:59:44Z,CONFORMANT,,0.00000019,0.00000001,0.00000000
2026-01-23T00:01:09Z,CONFORMANT,,0.00000019,0.00000001,0.00000000
2026-01-23T00:01:09Z,CONFORMANT,,0.00000019,0.00000001,0.00000000
2026-01-23T00:01:16Z,CONFORMANT,,0.00000019,0.00000001,0.00000000
2026-01-23T00:01:17Z,CONFORMANT,,0.00000019,0.00000001,0.00000000
2026-01-23T00:01:18Z,CONFORMANT,,0.00000019,0.00000001,0.00000000
2026-01-23T00:01:18Z,CONFORMANT,,0.00000019,0.00000001,0.00000000
2026-01-23T00:03:22Z,CONFORMANT,,0.00000019,0.00000001,0.00000000
2026-01-23T00:03:23Z,CONFORMANT,,0.00000019,0.00000001,0.00000000
2026-01-23T00:03:31Z,CONFORMANT,,0.00000019,0.00000001,0.00000000
2026-01-23T00:03:31Z,CONFORMANT,,0.00000019,0.00000001,0.00000000
2026-01-23T00:03:32Z,CONFORMANT,,0.00000019,0.00000001,0.00000000
2026-01-23T00:03:33Z,CONFORMANT,,0.00000019,0.00000001,0.00000000
2026-01-23T00:04:38Z,CONFORMANT,,0.00000019,0.00000001,0.00000000
2026-01-23T00:04:39Z,CONFORMANT,,0.00000019,0.00000001,0.00000000
2026-01-23T00:04:46Z,CONFORMANT,,0.00000019,0.00000001,0.00000000
2026-01-23T00:04:46Z,CONFORMANT,,0.00000019,0.00000001,0.00000000
2026-01-23T00:04:47Z,CONFORMANT,,0.00000019,0.00000001,0.00000000
2026-01-23T00:04:48Z,CONFORMANT,,0.00000019,0.00000001,0.00000000
2026-01-23T00:08:19Z,CONFORMANT,,0.00000019,0.00000001,0.00000000
2026-01-23T00:08:20Z,CONFORMANT,,0.00000019,0.00000001,0.00000000
2026-01-23T00:08:28Z,CONFORMANT,,0.00000019,0.00000001,0.00000000
2026-01-23T00:08:28Z,CONFORMANT,,0.00000019,0.00000001,0.00000000
2026-01-23T00:08:29Z,CONFORMANT,,0.00000019,0.00000001,0.00000000
2026-01-23T00:08:29Z,CONFORMANT,,0.00000019,0.00000001,0.00000000
2026-01-23T00:09:13Z,CONFORMANT,,0.00000019,0.00000001,0.00000000
2026-01-23T00:09:13Z,CONFORMANT,,0.00000019,0.00000001,0.00000000
2026-01-23T00:09:20Z,CONFORMANT,,0.00000019,0.00000001,0.00000000
2026-01-23T00:09:21Z,CONFORMANT,,0.00000019,0.00000001,0.00000000
2026-01-23T00:09:22Z,CONFORMANT,,0.00000019,0.00000001,0.00000000
2026-01-23T00:09:22Z,CONFORMANT,,0.00000019,0.00000001,0.00000000
2026-01-23T00:10:16Z,CONFORMANT,,0.00000019,0.00000001,0.00000000
2026-01-23T00:10:16Z,CONFORMANT,,0.00000019,0.00000001,0.00000000
2026-01-23T00:10:24Z,CONFORMANT,,0.00000019,0.00000001,0.00000000
2026-01-23T00:10:24Z,CONFORMANT,,0.00000019,0.00000001,0.00000000
2026-01-23T00:10:25Z,CONFORMANT,,0.00000019,0.00000001,0.00000000
2026-01-23T00:10:26Z,CONFORMANT,,0.00000019,0.00000001,0.00000000
2026-01-23T00:14:35Z,CONFORMANT,,0.00000019,0.00000001,0.00000000
2026-01-23T00:14:36Z,CONFORMANT,,0.00000019,0.00000001,0.00000000
2026-01-23T00:14:43Z,CONFORMANT,,0.00000019,0.00000001,0.00000000
2026-01-23T00:14:43Z,CONFORMANT,,0.00000019,0.00000001,0.00000000
2026-01-23T00:14:44Z,CONFORMANT,,0.00000019,0.00000001,0.00000000
2026-01-23T00:14:45Z,CONFORMANT,,0.00000019,0.00000001,0.00000000
2026-01-23T00:38:30Z,CONFORMANT,,0.00000019,0.00000001,0.00000000
2026-01-23T00:38:31Z,CONFORMANT,,0.00000019,0.00000001,0.00000000
2026-01-23T00:38:37Z,CONFORMANT,,0.00000019,0.00000001,0.00000000
2026-01-23T00:38:38Z,CONFORMANT,,0.00000019,0.00000001,0.00000000
2026-01-23T00:38:39Z,CONFORMANT,,0.00000019,0.00000001,0.00000000
2026-01-23T00:38:39Z,CONFORMANT,,0.00000019,0.00000001,0.00000000
2026-01-23T00:39:01Z,CONFORMANT,,0.00000019,0.00000001,0.00000000
2026-01-23T00:39:02Z,CONFORMANT,,0.00000019,0.00000001,0.00000000
2026-01-23T00:39:09Z,CONFORMANT,,0.00000019,0.00000001,0.00000000
2026-01-23T00:39:10Z,CONFORMANT,,0.00000019,0.00000001,0.00000000
2026-01-23T00:39:10Z,CONFORMANT,,0.00000019,0.00000001,0.00000000
2026-01-23T00:39:11Z,CONFORMANT,,0.00000019,0.00000001,0.00000000
2026-01-23T00:46:17Z,CONFORMANT,,0.00000019,0.00000001,0.00000000
2026-01-23T00:46:33Z,CONFORMANT,,0.00000019,0.00000001,0.00000000
2026-01-23T00:46:34Z,CONFORMANT,,0.00000019,0.00000001,0.00000000
2026-01-23T00:46:41Z,CONFORMANT,,0.00000019,0.00000001,0.00000000
2026-01-23T00:46:41Z,CONFORMANT,,0.00000019,0.00000001,0.00000000
2026-01-23T00:46:42Z,CONFORMANT,,0.00000019,0.00000001,0.00000000
2026-01-23T00:46:42Z,CONFORMANT,,0.00000019,0.00000001,0.00000000
2026-01-23T00:50:29Z,CONFORMANT,,0.00000019,0.00000001,0.00000000
2026-01-23T00:50:30Z,CONFORMANT,,0.00000019,0.00000001,0.00000000
2026-01-23T00:50:37Z,CONFORMANT,,0.00000019,0.00000001,0.00000000
2026-01-23T00:50:37Z,CONFORMANT,,0.00000019,0.00000001,0.00000000
2026-01-23T00:50:38Z,CONFORMANT,,0.00000019,0.00000001,0.00000000
2026-01-23T00:50:39Z,CONFORMANT,,0.00000019,0.00000001,0.00000000
2026-01-23T01:00:58Z,CONFORMANT,,0.00000019,0.00000001,0.00000000
2026-01-23T01:00:59Z,CONFORMANT,,0.00000019,0.00000001,0.00000000
2026-01-23T01:01:05Z,CONFORMANT,,0.00000019,0.00000001,0.00000000
2026-01-23T01:01:06Z,CONFORMANT,,0.00000019,0.00000001,0.00000000
2026-01-23T01:01:07Z,CONFORMANT,,0.00000019,0.00000001,0.00000000
2026-01-23T01:01:07Z,CONFORMANT,,0.00000019,0.00000001,0.00000000
2026-01-23T01:02:02Z,CONFORMANT,,0.00000019,0.00000001,0.00000000
2026-01-23T01:02:02Z,CONFORMANT,,0.00000019,0.00000001,0.00000000
2026-01-23T01:02:09Z,CONFORMANT,,0.00000019,0.00000001,0.00000000
2026-01-23T01:02:10Z,CONFORMANT,,0.00000019,0.00000001,0.00000000
2026-01-23T01:02:10Z,CONFORMANT,,0.00000019,0.00000001,0.00000000
2026-01-23T01:02:11Z,CONFORMANT,,0.00000019,0.00000001,0.00000000
2026-01-23T01:17:37Z,CONFORMANT,,0.00000019,0.00000001,0.00000000
2026-01-23T01:17:37Z,CONFORMANT,,0.00000019,0.00000001,0.00000000
2026-01-23T01:17:44Z,CONFORMANT,,0.00000019,0.00000001,0.00000000
2026-01-23T01:17:44Z,CONFORMANT,,0.00000019,0.00000001,0.00000000
2026-01-23T01:17:45Z,CONFORMANT,,0.00000019,0.00000001,0.00000000
2026-01-23T01:17:46Z,CONFORMANT,,0.00000019,0.00000001,0.00000000
2026-01-23T01:19:00Z,CONFORMANT,,0.00000019,0.00000001,0.00000000
2026-01-23T01:19:00Z,CONFORMANT,,0.00000019,0.00000001,0.00000000
2026-01-23T01:19:07Z,CONFORMANT,,0.00000019,0.00000001,0.00000000
2026-01-23T01:19:07Z,CONFORMANT,,0.00000019,0.00000001,0.00000000
2026-01-23T01:19:08Z,CONFORMANT,,0.00000019,0.00000001,0.00000000
2026-01-23T01:19:09Z,CONFORMANT,,0.00000019,0.00000001,0.00000000
2026-01-23T01:19:10Z,CONFORMANT,,0.00000019,0.00000001,0.00000000
2026-01-23T01:28:01Z,CONFORMANT,,0.00000019,0.00000001,0.00000000
2026-01-23T01:28:02Z,CONFORMANT,,0.00000019,0.00000001,0.00000000
2026-01-23T01:28:08Z,CONFORMANT,,0.00000019,0.00000001,0.00000000
2026-01-23T01:28:09Z,CONFORMANT,,0.00000019,0.00000001,0.00000000
2026-01-23T01:28:09Z,CONFORMANT,,0.00000019,0.00000001,0.00000000
2026-01-23T01:28:10Z,CONFORMANT,,0.00000019,0.00000001,0.00000000
2026-01-23T01:35:07Z,CONFORMANT,,0.00000019,0.00000001,0.00000000
2026-01-23T01:35:08Z,CONFORMANT,,0.00000019,0.00000001,0.00000000
2026-01-23T01:35:15Z,CONFORMANT,,0.00000019,0.00000001,0.00000000
2026-01-23T01:35:15Z,CONFORMANT,,0.00000019,0.00000001,0.00000000
2026-01-23T01:35:16Z,CONFORMANT,,0.00000019,0.00000001,0.00000000
2026-01-23T01:35:16Z,CONFORMANT,,0.00000019,0.00000001,0.00000000
2026-01-23T01:44:51Z,CONFORMANT,,0.00000019,0.00000001,0.00000000
2026-01-23T01:44:51Z,CONFORMANT,,0.00000019,0.00000001,0.00000000
2026-01-23T01:44:58Z,CONFORMANT,,0.00000019,0.00000001,0.00000000
2026-01-23T01:44:59Z,CONFORMANT,,0.00000019,0.00000001,0.00000000
2026-01-23T01:44:59Z,CONFORMANT,,0.00000019,0.00000001,0.00000000
2026-01-23T01:45:00Z,CONFORMANT,,0.00000019,0.00000001,0.00000000
2026-01-23T02:15:41Z,CONFORMANT,,0.00000019,0.00000001,0.00000000
2026-01-23T02:15:41Z,CONFORMANT,,0.00000019,0.00000001,0.00000000
2026-01-23T02:15:48Z,CONFORMANT,,0.00000019,0.00000001,0.00000000
2026-01-23T02:15:49Z,CONFORMANT,,0.00000019,0.00000001,0.00000000
2026-01-23T02:15:49Z,CONFORMANT,,0.00000019,0.00000001,0.00000000
2026-01-23T02:15:50Z,CONFORMANT,,0.00000019,0.00000001,0.00000000
2026-01-23T03:10:09Z,CONFORMANT,,0.00000019,0.00000001,0.00000000
2026-01-23T03:10:10Z,CONFORMANT,,0.00000019,0.00000001,0.00000000
2026-01-23T03:10:18Z,CONFORMANT,,0.00000019,0.00000001,0.00000000
2026-01-23T03:10:18Z,CONFORMANT,,0.00000019,0.00000001,0.00000000
2026-01-23T03:10:19Z,CONFORMANT,,0.00000019,0.00000001,0.00000000
2026-01-23T03:10:19Z,CONFORMANT,,0.00000019,0.00000001,0.00000000
2026-01-23T04:42:21Z,CONFORMANT,,0.00000019,0.00000001,0.00000000
2026-01-23T04:42:52Z,CONFORMANT,,0.00000019,0.00000001,0.00000000
2026-01-23T04:55:33Z,CONFORMANT,,0.00000019,0.00000001,0.00000000
2026-01-23T05:05:42Z,CONFORMANT,,0.00000019,0.00000001,0.00000000
2026-01-23T05:05:43Z,CONFORMANT,,0.00000019,0.00000001,0.00000000
2026-01-23T05:05:44Z,CONFORMANT,,0.00000019,0.00000001,0.00000000
2026-01-23T05:05:45Z,CONFORMANT,,0.00000019,0.00000001,0.00000000
2026-01-23T05:06:18Z,CONFORMANT,,0.00000019,0.00000001,0.00000000
2026-01-23T05:06:18Z,CONFORMANT,,0.00000019,0.00000001,0.00000000
2026-01-23T05:06:25Z,CONFORMANT,,0.00000019,0.00000001,0.00000000
2026-01-23T05:06:26Z,CONFORMANT,,0.00000019,0.00000001,0.00000000
2026-01-23T05:06:26Z,CONFORMANT,,0.00000019,0.00000001,0.00000000
2026-01-23T05:06:27Z,CONFORMANT,,0.00000019,0.00000001,0.00000000
2026-01-23T05:06:28Z,CONFORMANT,,0.00000019,0.00000001,0.00000000
2026-01-23T05:06:29Z,CONFORMANT,,0.00000019,0.00000001,0.00000000
2026-01-23T05:06:30Z,CONFORMANT,,0.00000019,0.00000001,0.00000000
2026-01-23T05:06:31Z,CONFORMANT,,0.00000019,0.00000001,0.00000000
2026-01-23T05:08:03Z,CONFORMANT,,0.00000019,0.00000001,0.00000000
2026-01-23T05:08:04Z,CONFORMANT,,0.00000019,0.00000001,0.00000000
2026-01-23T05:08:10Z,CONFORMANT,,0.00000019,0.00000001,0.00000000
2026-01-23T05:08:11Z,CONFORMANT,,0.00000019,0.00000001,0.00000000
2026-01-23T05:08:11Z,CONFORMANT,,0.00000019,0.00000001,0.00000000
2026-01-23T05:08:12Z,CONFORMANT,,0.00000019,0.00000001,0.00000000
2026-01-23T05:08:13Z,CONFORMANT,,0.00000019,0.00000001,0.00000000
2026-01-23T05:08:13Z,CONFORMANT,,0.00000019,0.00000001,0.00000000
2026-01-23T05:08:14Z,CONFORMANT,,0.00000019,0.00000001,0.00000000
2026-01-23T05:08:14Z,CONFORMANT,,0.00000019,0.00000001,0.00000000
2026-01-23T05:08:28Z,CONFORMANT,,0.00000019,0.00000001,0.00000000
2026-01-23T05:08:29Z,CONFORMANT,,0.00000019,0.00000001,0.00000000
2026-01-23T05:08:29Z,CONFORMANT,,0.00000019,0.00000001,0.00000000
2026-01-23T05:09:38Z,CONFORMANT,,0.00000019,0.00000001,0.00000000
2026-01-23T05:10:17Z,CONFORMANT,,0.00000019,0.00000001,0.00000000
2026-01-23T05:10:17Z,CONFORMANT,,0.00000019,0.00000001,0.00000000
2026-01-23T05:10:24Z,CONFORMANT,,0.00000019,0.00000001,0.00000000
2026-01-23T05:10:25Z,CONFORMANT,,0.00000019,0.00000001,0.00000000
2026-01-23T05:10:26Z,CONFORMANT,,0.00000019,0.00000001,0.00000000
2026-01-23T05:10:26Z,CONFORMANT,,0.00000019,0.00000001,0.00000000
2026-01-23T05:10:28Z,CONFORMANT,,0.00000019,0.00000001,0.00000000
2026-01-23T05:10:29Z,CONFORMANT,,0.00000019,0.00000001,0.00000000
2026-01-23T05:10:29Z,CONFORMANT,,0.00000019,0.00000001,0.00000000
2026-01-23T05:10:30Z,CONFORMANT,,0.00000019,0.00000001,0.00000000
2026-01-23T05:18:55Z,CONFORMANT,,0.00000019,0.00000001,0.00000000
2026-01-23T05:18:56Z,CONFORMANT,,0.00000019,0.00000001,0.00000000
2026-01-23T05:19:03Z,CONFORMANT,,0.00000019,0.00000001,0.00000000
2026-01-23T05:19:04Z,CONFORMANT,,0.00000019,0.00000001,0.00000000
2026-01-23T05:19:04Z,CONFORMANT,,0.00000019,0.00000001,0.00000000
2026-01-23T05:19:05Z,CONFORMANT,,0.00000019,0.00000001,0.00000000
2026-01-23T05:19:06Z,CONFORMANT,,0.00000019,0.00000001,0.00000000
2026-01-23T05:19:07Z,CONFORMANT,,0.00000019,0.00000001,0.00000000
2026-01-23T05:19:08Z,CONFORMANT,,0.00000019,0.00000001,0.00000000
2026-01-23T05:19:09Z,CONFORMANT,,0.00000019,0.00000001,0.00000000
2026-01-23T05:24:24Z,CONFORMANT,,0.00000019,0.00000001,0.00000000
2026-01-23T05:24:25Z,CONFORMANT,,0.00000019,0.00000001,0.00000000
2026-01-23T05:24:32Z,CONFORMANT,,0.00000019,0.00000001,0.00000000
2026-01-23T05:24:32Z,CONFORMANT,,0.00000019,0.00000001,0.00000000
2026-01-23T05:24:33Z,CONFORMANT,,0.00000019,0.00000001,0.00000000
2026-01-23T05:24:33Z,CONFORMANT,,0.00000019,0.00000001,0.00000000
2026-01-23T05:24:36Z,CONFORMANT,,0.00000019,0.00000001,0.00000000
2026-01-23T05:24:36Z,CONFORMANT,,0.00000019,0.00000001,0.00000000
2026-01-23T05:24:37Z,CONFORMANT,,0.00000019,0.00000001,0.00000000
2026-01-23T05:24:38Z,CONFORMANT,,0.00000019,0.00000001,0.00000000
2026-01-23T05:26:16Z,CONFORMANT,,0.00000019,0.00000001,0.00000000
2026-01-23T05:26:16Z,CONFORMANT,,0.00000019,0.00000001,0.00000000
2026-01-23T05:26:23Z,CONFORMANT,,0.00000019,0.00000001,0.00000000
2026-01-23T05:26:24Z,CONFORMANT,,0.00000019,0.00000001,0.00000000
2026-01-23T05:26:24Z,CONFORMANT,,0.00000019,0.00000001,0.00000000
2026-01-23T05:26:25Z,CONFORMANT,,0.00000019,0.00000001,0.00000000
2026-01-23T05:26:27Z,CONFORMANT,,0.00000019,0.00000001,0.00000000
2026-01-23T05:26:28Z,CONFORMANT,,0.00000019,0.00000001,0.00000000
2026-01-23T05:26:29Z,CONFORMANT,,0.00000019,0.00000001,0.00000000
2026-01-23T05:26:30Z,CONFORMANT,,0.00000019,0.00000001,0.00000000
2026-01-23T05:27:55Z,CONFORMANT,,0.00000019,0.00000001,0.00000000
2026-01-23T05:27:55Z,CONFORMANT,,0.00000019,0.00000001,0.00000000
2026-01-23T05:28:03Z,CONFORMANT,,0.00000019,0.00000001,0.00000000
2026-01-23T05:28:03Z,CONFORMANT,,0.00000019,0.00000001,0.00000000
2026-01-23T05:28:04Z,CONFORMANT,,0.00000019,0.00000001,0.00000000
2026-01-23T05:28:04Z,CONFORMANT,,0.00000019,0.00000001,0.00000000
2026-01-23T05:28:06Z,CONFORMANT,,0.00000019,0.00000001,0.00000000
2026-01-23T05:28:07Z,CONFORMANT,,0.00000019,0.00000001,0.00000000
2026-01-23T05:28:08Z,CONFORMANT,,0.00000019,0.00000001,0.00000000
2026-01-23T05:28:09Z,CONFORMANT,,0.00000019,0.00000001,0.00000000
2026-01-23T05:29:55Z,CONFORMANT,,0.00000019,0.00000001,0.00000000
2026-01-23T05:29:56Z,CONFORMANT,,0.00000019,0.00000001,0.00000000
2026-01-23T05:30:03Z,CONFORMANT,,0.00000019,0.00000001,0.00000000
2026-01-23T05:30:04Z,CONFORMANT,,0.00000019,0.00000001,0.00000000
2026-01-23T05:30:04Z,CONFORMANT,,0.00000019,0.00000001,0.00000000
2026-01-23T05:30:05Z,CONFORMANT,,0.00000019,0.00000001,0.00000000
2026-01-23T05:30:07Z,CONFORMANT,,0.00000019,0.00000001,0.00000000
2026-01-23T05:30:08Z,CONFORMANT,,0.00000019,0.00000001,0.00000000
2026-01-23T05:30:09Z,CONFORMANT,,0.00000019,0.00000001,0.00000000
2026-01-23T05:30:10Z,CONFORMANT,,0.00000019,0.00000001,0.00000000
2026-01-23T05:31:11Z,CONFORMANT,,0.00000019,0.00000001,0.00000000
2026-01-23T05:31:12Z,CONFORMANT,,0.00000019,0.00000001,0.00000000
2026-01-23T05:31:19Z,CONFORMANT,,0.00000019,0.00000001,0.00000000
2026-01-23T05:31:19Z,CONFORMANT,,0.00000019,0.00000001,0.00000000
2026-01-23T05:31:20Z,CONFORMANT,,0.00000019,0.00000001,0.00000000
2026-01-23T05:31:21Z,CONFORMANT,,0.00000019,0.00000001,0.00000000
2026-01-23T05:31:23Z,CONFORMANT,,0.00000019,0.00000001,0.00000000
2026-01-23T05:31:24Z,CONFORMANT,,0.00000019,0.00000001,0.00000000
2026-01-23T05:31:25Z,CONFORMANT,,0.00000019,0.00000001,0.00000000
2026-01-23T05:31:26Z,CONFORMANT,,0.00000019,0.00000001,0.00000000
2026-01-23T23:27:43Z,CONFORMANT,,0.00000019,0.00000001,0.00000000
2026-01-23T23:27:44Z,CONFORMANT,,0.00000019,0.00000001,0.00000000
2026-01-23T23:27:50Z,CONFORMANT,,0.00000019,0.00000001,0.00000000
2026-01-23T23:27:51Z,CONFORMANT,,0.00000019,0.00000001,0.00000000
2026-01-23T23:27:51Z,CONFORMANT,,0.00000019,0.00000001,0.00000000
2026-01-23T23:27:52Z,CONFORMANT,,0.00000019,0.00000001,0.00000000
2026-01-23T23:27:53Z,CONFORMANT,,0.00000019,0.00000001,0.00000000
2026-01-23T23:27:54Z,CONFORMANT,,0.00000019,0.00000001,0.00000000
2026-01-23T23:27:54Z,CONFORMANT,,0.00000019,0.00000001,0.00000000
2026-01-23T23:27:55Z,CONFORMANT,,0.00000019,0.00000001,0.00000000
2026-01-23T23:30:06Z,CONFORMANT,,0.00000019,0.00000001,0.00000000
2026-01-23T23:30:07Z,CONFORMANT,,0.00000019,0.00000001,0.00000000
2026-01-23T23:30:13Z,CONFORMANT,,0.00000019,0.00000001,0.00000000
2026-01-23T23:30:14Z,CONFORMANT,,0.00000019,0.00000001,0.00000000
2026-01-23T23:30:14Z,CONFORMANT,,0.00000019,0.00000001,0.00000000
2026-01-23T23:30:15Z,CONFORMANT,,0.00000019,0.00000001,0.00000000
2026-01-23T23:30:16Z,CONFORMANT,,0.00000019,0.00000001,0.00000000
2026-01-23T23:30:17Z,CONFORMANT,,0.00000019,0.00000001,0.00000000
2026-01-23T23:30:17Z,CONFORMANT,,0.00000019,0.00000001,0.00000000
2026-01-23T23:30:18Z,CONFORMANT,,0.00000019,0.00000001,0.00000000
2026-01-23T23:31:50Z,CONFORMANT,,0.00000019,0.00000001,0.00000000
2026-01-23T23:31:51Z,CONFORMANT,,0.00000019,0.00000001,0.00000000
2026-01-23T23:31:58Z,CONFORMANT,,0.00000019,0.00000001,0.00000000
2026-01-23T23:31:58Z,CONFORMANT,,0.00000019,0.00000001,0.00000000
2026-01-23T23:31:59Z,CONFORMANT,,0.00000019,0.00000001,0.00000000
2026-01-23T23:32:00Z,CONFORMANT,,0.00000019,0.00000001,0.00000000
2026-01-23T23:32:01Z,CONFORMANT,,0.00000019,0.00000001,0.00000000
2026-01-23T23:32:02Z,CONFORMANT,,0.00000019,0.00000001,0.00000000
2026-01-23T23:32:02Z,CONFORMANT,,0.00000019,0.00000001,0.00000000
2026-01-23T23:32:02Z,CONFORMANT,,0.00000019,0.00000001,0.00000000
2026-01-23T23:36:39Z,CONFORMANT,,0.00000019,0.00000001,0.00000000
2026-01-23T23:36:40Z,CONFORMANT,,0.00000019,0.00000001,0.00000000
2026-01-23T23:36:46Z,CONFORMANT,,0.00000019,0.00000001,0.00000000
2026-01-23T23:36:47Z,CONFORMANT,,0.00000019,0.00000001,0.00000000
2026-01-23T23:36:48Z,CONFORMANT,,0.00000019,0.00000001,0.00000000
2026-01-23T23:36:48Z,CONFORMANT,,0.00000019,0.00000001,0.00000000
2026-01-23T23:36:50Z,CONFORMANT,,0.00000019,0.00000001,0.00000000
2026-01-23T23:36:50Z,CONFORMANT,,0.00000019,0.00000001,0.00000000
2026-01-23T23:36:51Z,CONFORMANT,,0.00000019,0.00000001,0.00000000
2026-01-23T23:36:51Z,CONFORMANT,,0.00000019,0.00000001,0.00000000
2026-01-23T23:42:30Z,CONFORMANT,,0.00000019,0.00000001,0.00000000
2026-01-23T23:42:30Z,CONFORMANT,,0.00000019,0.00000001,0.00000000
2026-01-23T23:42:37Z,CONFORMANT,,0.00000019,0.00000001,0.00000000
2026-01-23T23:42:37Z,CONFORMANT,,0.00000019,0.00000001,0.00000000
2026-01-23T23:42:38Z,CONFORMANT,,0.00000019,0.00000001,0.00000000
2026-01-23T23:42:39Z,CONFORMANT,,0.00000019,0.00000001,0.00000000
2026-01-23T23:42:40Z,CONFORMANT,,0.00000019,0.00000001,0.00000000
2026-01-23T23:42:40Z,CONFORMANT,,0.00000019,0.00000001,0.00000000
2026-01-23T23:42:41Z,CONFORMANT,,0.00000019,0.00000001,0.00000000
2026-01-23T23:42:41Z,CONFORMANT,,0.00000019,0.00000001,0.00000000
2026-01-23T23:58:12Z,CONFORMANT,,0.00000019,0.00000001,0.00000000
2026-01-23T23:58:12Z,CONFORMANT,,0.00000019,0.00000001,0.00000000
2026-01-23T23:58:19Z,CONFORMANT,,0.00000019,0.00000001,0.00000000
2026-01-23T23:58:19Z,CONFORMANT,,0.00000019,0.00000001,0.00000000
2026-01-23T23:58:20Z,CONFORMANT,,0.00000019,0.00000001,0.00000000
2026-01-23T23:58:21Z,CONFORMANT,,0.00000019,0.00000001,0.00000000
2026-01-23T23:58:22Z,CONFORMANT,,0.00000019,0.00000001,0.00000000
2026-01-23T23:58:23Z,CONFORMANT,,0.00000019,0.00000001,0.00000000
2026-01-23T23:58:23Z,CONFORMANT,,0.00000019,0.00000001,0.00000000
2026-01-23T23:58:23Z,CONFORMANT,,0.00000019,0.00000001,0.00000000
2026-01-24T00:15:41Z,CONFORMANT,,0.00000019,0.00000001,0.00000000
2026-01-24T00:15:41Z,CONFORMANT,,0.00000019,0.00000001,0.00000000
2026-01-24T00:15:48Z,CONFORMANT,,0.00000019,0.00000001,0.00000000
2026-01-24T00:15:49Z,CONFORMANT,,0.00000019,0.00000001,0.00000000
2026-01-24T00:15:49Z,CONFORMANT,,0.00000019,0.00000001,0.00000000
2026-01-24T00:15:50Z,CONFORMANT,,0.00000019,0.00000001,0.00000000
2026-01-24T00:15:52Z,CONFORMANT,,0.00000019,0.00000001,0.00000000
2026-01-24T00:15:53Z,CONFORMANT,,0.00000019,0.00000001,0.00000000
2026-01-24T00:15:54Z,CONFORMANT,,0.00000019,0.00000001,0.00000000
2026-01-24T00:15:55Z,CONFORMANT,,0.00000019,0.00000001,0.00000000
2026-01-24T00:19:23Z,CONFORMANT,,0.00000019,0.00000001,0.00000000
2026-01-24T00:19:23Z,CONFORMANT,,0.00000019,0.00000001,0.00000000
2026-01-24T00:19:30Z,CONFORMANT,,0.00000019,0.00000001,0.00000000
2026-01-24T00:19:30Z,CONFORMANT,,0.00000019,0.00000001,0.00000000
2026-01-24T00:19:31Z,CONFORMANT,,0.00000019,0.00000001,0.00000000
2026-01-24T00:19:32Z,CONFORMANT,,0.00000019,0.00000001,0.00000000
2026-01-24T00:19:33Z,CONFORMANT,,0.00000019,0.00000001,0.00000000
2026-01-24T00:19:34Z,CONFORMANT,,0.00000019,0.00000001,0.00000000
2026-01-24T00:19:34Z,CONFORMANT,,0.00000019,0.00000001,0.00000000
2026-01-24T00:19:34Z,CONFORMANT,,0.00000019,0.00000001,0.00000000
2026-01-24T00:30:11Z,CONFORMANT,,0.00000019,0.00000001,0.00000000
2026-01-24T00:30:11Z,CONFORMANT,,0.00000019,0.00000001,0.00000000
2026-01-24T00:30:18Z,CONFORMANT,,0.00000019,0.00000001,0.00000000
2026-01-24T00:30:19Z,CONFORMANT,,0.00000019,0.00000001,0.00000000
2026-01-24T00:30:19Z,CONFORMANT,,0.00000019,0.00000001,0.00000000
2026-01-24T00:30:20Z,CONFORMANT,,0.00000019,0.00000001,0.00000000
2026-01-24T00:30:21Z,CONFORMANT,,0.00000019,0.00000001,0.00000000
2026-01-24T00:30:22Z,CONFORMANT,,0.00000019,0.00000001,0.00000000
2026-01-24T00:30:22Z,CONFORMANT,,0.00000019,0.00000001,0.00000000
2026-01-24T00:30:23Z,CONFORMANT,,0.00000019,0.00000001,0.00000000
2026-01-24T00:32:10Z,CONFORMANT,,0.00000019,0.00000001,0.00000000
2026-01-24T00:32:11Z,CONFORMANT,,0.00000019,0.00000001,0.00000000
2026-01-24T00:32:18Z,CONFORMANT,,0.00000019,0.00000001,0.00000000
2026-01-24T00:32:18Z,CONFORMANT,,0.00000019,0.00000001,0.00000000
2026-01-24T00:32:19Z,CONFORMANT,,0.00000019,0.00000001,0.00000000
2026-01-24T00:32:20Z,CONFORMANT,,0.00000019,0.00000001,0.00000000
2026-01-24T00:32:22Z,CONFORMANT,,0.00000019,0.00000001,0.00000000
2026-01-24T00:32:23Z,CONFORMANT,,0.00000019,0.00000001,0.00000000
2026-01-24T00:32:24Z,CONFORMANT,,0.00000019,0.00000001,0.00000000
2026-01-24T00:32:25Z,CONFORMANT,,0.00000019,0.00000001,0.00000000
2026-01-24T00:49:33Z,CONFORMANT,,0.00000019,0.00000001,0.00000000
2026-01-24T00:49:34Z,CONFORMANT,,0.00000019,0.00000001,0.00000000
2026-01-24T00:49:40Z,CONFORMANT,,0.00000019,0.00000001,0.00000000
2026-01-24T00:49:41Z,CONFORMANT,,0.00000019,0.00000001,0.00000000
2026-01-24T00:49:42Z,CONFORMANT,,0.00000019,0.00000001,0.00000000
2026-01-24T00:49:43Z,CONFORMANT,,0.00000019,0.00000001,0.00000000
2026-01-24T00:49:44Z,CONFORMANT,,0.00000019,0.00000001,0.00000000
2026-01-24T00:49:44Z,CONFORMANT,,0.00000019,0.00000001,0.00000000
2026-01-24T00:49:45Z,CONFORMANT,,0.00000019,0.00000001,0.00000000
2026-01-24T00:49:45Z,CONFORMANT,,0.00000019,0.00000001,0.00000000
2026-01-24T00:51:03Z,CONFORMANT,,0.00000019,0.00000001,0.00000000
2026-01-24T00:51:04Z,CONFORMANT,,0.00000019,0.00000001,0.00000000
2026-01-24T00:51:10Z,CONFORMANT,,0.00000019,0.00000001,0.00000000
2026-01-24T00:51:11Z,CONFORMANT,,0.00000019,0.00000001,0.00000000
2026-01-24T00:51:11Z,CONFORMANT,,0.00000019,0.00000001,0.00000000
2026-01-24T00:51:12Z,CONFORMANT,,0.00000019,0.00000001,0.00000000
2026-01-24T00:51:14Z,CONFORMANT,,0.00000019,0.00000001,0.00000000
2026-01-24T00:51:14Z,CONFORMANT,,0.00000019,0.00000001,0.00000000
2026-01-24T00:51:15Z,CONFORMANT,,0.00000019,0.00000001,0.00000000
2026-01-24T00:51:15Z,CONFORMANT,,0.00000019,0.00000001,0.00000000
2026-01-24T00:51:46Z,CONFORMANT,,0.00000019,0.00000001,0.00000000
2026-01-24T00:51:47Z,CONFORMANT,,0.00000019,0.00000001,0.00000000
2026-01-24T00:51:53Z,CONFORMANT,,0.00000019,0.00000001,0.00000000
2026-01-24T00:51:54Z,CONFORMANT,,0.00000019,0.00000001,0.00000000
2026-01-24T00:51:55Z,CONFORMANT,,0.00000019,0.00000001,0.00000000
2026-01-24T00:51:55Z,CONFORMANT,,0.00000019,0.00000001,0.00000000
2026-01-24T00:51:57Z,CONFORMANT,,0.00000019,0.00000001,0.00000000
2026-01-24T00:51:57Z,CONFORMANT,,0.00000019,0.00000001,0.00000000
2026-01-24T00:51:58Z,CONFORMANT,,0.00000019,0.00000001,0.00000000
2026-01-24T00:51:58Z,CONFORMANT,,0.00000019,0.00000001,0.00000000
2026-01-24T00:52:29Z,CONFORMANT,,0.00000019,0.00000001,0.00000000
2026-01-24T00:52:30Z,CONFORMANT,,0.00000019,0.00000001,0.00000000
2026-01-24T00:52:37Z,CONFORMANT,,0.00000019,0.00000001,0.00000000
2026-01-24T00:52:37Z,CONFORMANT,,0.00000019,0.00000001,0.00000000
2026-01-24T00:52:38Z,CONFORMANT,,0.00000019,0.00000001,0.00000000
2026-01-24T00:52:39Z,CONFORMANT,,0.00000019,0.00000001,0.00000000
2026-01-24T00:52:40Z,CONFORMANT,,0.00000019,0.00000001,0.00000000
2026-01-24T00:52:40Z,CONFORMANT,,0.00000019,0.00000001,0.00000000
2026-01-24T00:52:41Z,CONFORMANT,,0.00000019,0.00000001,0.00000000
2026-01-24T00:52:41Z,CONFORMANT,,0.00000019,0.00000001,0.00000000
2026-01-24T01:26:45Z,CONFORMANT,,0.00000019,0.00000001,0.00000000
2026-01-24T01:26:45Z,CONFORMANT,,0.00000019,0.00000001,0.00000000
2026-01-24T01:26:46Z,CONFORMANT,,0.00000019,0.00000001,0.00000000
2026-01-24T01:26:46Z,CONFORMANT,,0.00000019,0.00000001,0.00000000
2026-01-24T01:27:27Z,CONFORMANT,,0.00000019,0.00000001,0.00000000
2026-01-24T01:27:29Z,CONFORMANT,,0.00000019,0.00000001,0.00000000
2026-01-24T01:27:48Z,CONFORMANT,,0.00000019,0.00000001,0.00000000
2026-01-24T01:27:50Z,CONFORMANT,,0.00000019,0.00000001,0.00000000
2026-01-24T01:27:52Z,CONFORMANT,,0.00000019,0.00000001,0.00000000
2026-01-24T01:27:56Z,CONFORMANT,,0.00000019,0.00000001,0.00000000
2026-01-24T01:27:58Z,CONFORMANT,,0.00000019,0.00000001,0.00000000
2026-01-24T01:27:59Z,CONFORMANT,,0.00000019,0.00000001,0.00000000
2026-01-24T01:27:59Z,CONFORMANT,,0.00000019,0.00000001,0.00000000
2026-01-24T01:27:59Z,CONFORMANT,,0.00000019,0.00000001,0.00000000
