{
  "schema": "schemas/invariants.schema.json",
  "format": "tier1_invariants",
  "contract_id": "UMA.INTSTACK.v1",
  "closure_registry_id": "UMCP.CLOSURES.DEFAULT.v1",
  "canon": {
    "pre_doi": "10.5281/zenodo.17756705",
    "post_doi": "10.5281/zenodo.18072852",
    "weld_id": "W-2025-12-31-PHYS-COHERENCE",
    "timezone": "America/Chicago"
  },
  "rows": [
    {
      "t": 0,
      "omega": 0.02,
      "F": 0.98,
      "S": 0.1,
      "C": 0.05,
      "tau_R": 1.0,
      "kappa": -0.05129329438755058,
      "IC": 0.95,
      "regime": {
        "label": "Stable",
        "critical_overlay": false
      }
    },
    {
      "t": 1,
      "omega": 0.02,
      "F": 0.98,
      "S": 0.1,
      "C": 0.05,
      "tau_R": 1.0,
      "kappa": -0.040821994520255166,
      "IC": 0.96,
      "regime": {
        "label": "Stable",
        "critical_overlay": false
      }
    }
  ]
}
