{
  "schema": "schemas/receipt.ss1m.schema.json",
  "receipt": {
    "kind": "ss1m",
    "version": 1,
    "created_utc": "2026-01-14T00:00:00Z",
    "casepack": {
      "id": "hello_world",
      "manifest_path": "casepacks/hello_world/manifest.json"
    },
    "canon": {
      "pre_doi": "10.5281/zenodo.17756705",
      "post_doi": "10.5281/zenodo.18072852",
      "weld_id": "W-2025-12-31-PHYS-COHERENCE"
    },
    "contract": {
      "id": "UMA.INTSTACK.v1",
      "path": "contracts/UMA.INTSTACK.v1.yaml"
    },
    "closures": {
      "registry_id": "UMCP.CLOSURES.DEFAULT.v1",
      "registry_path": "closures/registry.yaml"
    },
    "row": {
      "t": 1,
      "row_id": "t=1"
    },
    "kernel": {
      "omega": 0.02,
      "F": 0.98,
      "S": 0.1,
      "C": 0.05,
      "tau_R": 1.0,
      "kappa": -0.040821994520255166,
      "IC": 0.96,
      "IC_min": 0.95
    },
    "regime": {
      "label": "Stable",
      "critical_overlay": false
    },
    "tolerances": {
      "epsilon": 1e-08,
      "tol_seam": 0.005,
      "tol_id": 1e-09
    },
    "notes": "Hello-world SS1m receipt (minimal audit row)."
  }
}
